TBgenes.1,TBgenes.2,TBgenes.3,TBgenes.4,TBgenes.5,TBgenes.6,TBgenes.7,TBgenes.8,TBgenes.9,TBgenes.10,TBgenes.11,TBgenes.12,TBgenes.13,TBgenes.14,TBgenes.15,TBgenes.16,TBgenes.17,TBgenes.18,TBgenes.19,TBgenes.20,TBgenes.21,TBgenes.22,TBgenes.23,TBgenes.24
ENSG00000187608,ENSG00000169598,ENSG00000188290,ENSG00000189339,ENSG00000049245,ENSG00000169972,ENSG00000130764,ENSG00000188157,ENSG00000160049,ENSG00000197982,ENSG00000204859,ENSG00000219481,ENSG00000049249,ENSG00000142599,ENSG00000069424,ENSG00000188807,ENSG00000205090,ENSG00000159479,ENSG00000187583,ENSG00000158161,ENSG00000020633,ENSG00000158292,ENSG00000157870,
ENSG00000186827,ENSG00000116237,ENSG00000116285,ENSG00000157933,ENSG00000055070,ENSG00000116151,ENSG00000116685,ENSG00000070831,ENSG00000142655,ENSG00000143119,ENSG00000130695,ENSG00000187801,ENSG00000169914,ENSG00000183726,ENSG00000049246,ENSG00000130939,ENSG00000069812,ENSG00000116455,ENSG00000175130,ENSG00000162433,ENSG00000117010,ENSG00000159423,ENSG00000159596,
ENSG00000130940,ENSG00000173614,ENSG00000054523,ENSG00000215912,ENSG00000142676,ENSG00000197312,ENSG00000162496,ENSG00000121774,ENSG00000169991,ENSG00000183508,ENSG00000180198,ENSG00000162377,ENSG00000163877,ENSG00000116350,ENSG00000116885,ENSG00000092847,ENSG00000189337,ENSG00000198715,ENSG00000188396,ENSG00000196369,ENSG00000156875,ENSG00000158006,ENSG00000162735,
ENSG00000116663,ENSG00000132906,ENSG00000116809,ENSG00000001461,ENSG00000011007,ENSG00000157978,ENSG00000188060,ENSG00000004455,ENSG00000132768,ENSG00000116874,ENSG00000174151,ENSG00000162383,ENSG00000127603,ENSG00000179862,ENSG00000119535,ENSG00000142875,ENSG00000169641,ENSG00000120334,ENSG00000222009,ENSG00000143324,ENSG00000171943,ENSG00000084072,ENSG00000186517,
ENSG00000127481,ENSG00000074964,ENSG00000188529,ENSG00000117643,ENSG00000126709,ENSG00000182749,ENSG00000121775,ENSG00000146463,ENSG00000137992,ENSG00000118292,ENSG00000175984,ENSG00000117155,ENSG00000085999,ENSG00000132780,ENSG00000171790,ENSG00000203943,ENSG00000117640,ENSG00000162813,ENSG00000116675,ENSG00000084676,ENSG00000143368,ENSG00000169174,ENSG00000211460,
ENSG00000189266,ENSG00000162542,ENSG00000116560,ENSG00000117713,ENSG00000117758,ENSG00000176092,ENSG00000164011,ENSG00000077254,ENSG00000134186,ENSG00000160741,ENSG00000163545,ENSG00000162639,ENSG00000121940,ENSG00000132128,ENSG00000259030,ENSG00000116337,ENSG00000163875,ENSG00000143815,ENSG00000125462,ENSG00000171055,ENSG00000143384,ENSG00000171492,ENSG00000163812,
ENSG00000169504,ENSG00000175087,ENSG00000196182,ENSG00000142784,ENSG00000162419,ENSG00000117676,ENSG00000117408,ENSG00000171488,ENSG00000168679,ENSG00000198771,ENSG00000276600,ENSG00000134222,ENSG00000265491,ENSG00000162402,ENSG00000122484,ENSG00000116161,ENSG00000116922,ENSG00000119203,ENSG00000173110,ENSG00000116001,ENSG00000160753,ENSG00000181754,ENSG00000114648,
ENSG00000060642,ENSG00000158062,ENSG00000196449,ENSG00000222046,ENSG00000092853,ENSG00000130772,ENSG00000187147,ENSG00000085491,ENSG00000143105,ENSG00000143147,ENSG00000179397,ENSG00000143458,ENSG00000269713,ENSG00000117226,ENSG00000143373,ENSG00000138002,ENSG00000036549,ENSG00000115207,ENSG00000116852,ENSG00000159399,ENSG00000117091,ENSG00000143110,ENSG00000213672,
ENSG00000204138,ENSG00000090020,ENSG00000142949,ENSG00000116497,ENSG00000090621,ENSG00000171812,ENSG00000058804,ENSG00000155363,ENSG00000177301,ENSG00000196878,ENSG00000115738,ENSG00000187554,ENSG00000143162,ENSG00000163349,ENSG00000133056,ENSG00000138078,ENSG00000162676,ENSG00000115548,ENSG00000196550,ENSG00000136682,ENSG00000117477,ENSG00000121851,ENSG00000023330,
ENSG00000121900,ENSG00000116353,ENSG00000173846,ENSG00000160094,ENSG00000065978,ENSG00000079277,ENSG00000125703,ENSG00000163131,ENSG00000160685,ENSG00000123685,ENSG00000115884,ENSG00000168118,ENSG00000090104,ENSG00000213064,ENSG00000212916,ENSG00000171150,ENSG00000010165,ENSG00000138398,ENSG00000086619,ENSG00000125633,ENSG00000152061,ENSG00000143457,ENSG00000164091,
ENSG00000116514,ENSG00000116525,ENSG00000142961,ENSG00000204084,ENSG00000142937,ENSG00000172339,ENSG00000117543,ENSG00000132694,ENSG00000163472,ENSG00000162817,ENSG00000163803,ENSG00000154429,ENSG00000177888,ENSG00000143178,ENSG00000035115,ENSG00000143951,ENSG00000143842,ENSG00000134072,ENSG00000162714,ENSG00000115165,ENSG00000266028,ENSG00000143801,ENSG00000163933,
ENSG00000142920,ENSG00000127125,ENSG00000123091,ENSG00000134744,ENSG00000116704,ENSG00000197852,ENSG00000081019,ENSG00000163563,ENSG00000174307,ENSG00000136630,ENSG00000171094,ENSG00000135763,ENSG00000119280,ENSG00000135837,ENSG00000213699,ENSG00000124370,ENSG00000143748,ENSG00000011376,ENSG00000143878,ENSG00000036054,ENSG00000117595,ENSG00000162910,ENSG00000185049,
ENSG00000126067,ENSG00000117411,ENSG00000085831,ENSG00000162378,ENSG00000137944,ENSG00000178096,ENSG00000198162,ENSG00000143337,ENSG00000134369,ENSG00000116903,ENSG00000013016,ENSG00000179456,ENSG00000134330,ENSG00000118197,ENSG00000035141,ENSG00000115112,ENSG00000182118,ENSG00000164051,ENSG00000135625,ENSG00000160145,ENSG00000168899,ENSG00000168159,ENSG00000150712,
ENSG00000092850,ENSG00000117419,ENSG00000177606,ENSG00000121310,ENSG00000162664,ENSG00000163125,ENSG00000131779,ENSG00000154305,ENSG00000183814,ENSG00000177535,ENSG00000115841,ENSG00000196208,ENSG00000169016,ENSG00000054267,ENSG00000114993,ENSG00000197557,ENSG00000175137,ENSG00000174007,ENSG00000187605,ENSG00000155893,ENSG00000121989,ENSG00000174371,ENSG00000171720,
ENSG00000116863,ENSG00000126106,ENSG00000116717,ENSG00000215883,ENSG00000186141,ENSG00000143614,ENSG00000184270,ENSG00000117020,ENSG00000173409,ENSG00000119777,ENSG00000162994,ENSG00000176714,ENSG00000068697,ENSG00000213639,ENSG00000144362,ENSG00000197713,ENSG00000163811,ENSG00000173011,ENSG00000115339,ENSG00000168310,ENSG00000138448,ENSG00000085760,ENSG00000204310,
ENSG00000054118,ENSG00000126107,ENSG00000162613,ENSG00000162599,ENSG00000265241,ENSG00000143537,ENSG00000163159,ENSG00000182551,ENSG00000116991,ENSG00000158019,ENSG00000115902,ENSG00000115318,ENSG00000198399,ENSG00000115919,ENSG00000144485,ENSG00000196811,ENSG00000115295,ENSG00000164169,ENSG00000013441,ENSG00000152495,ENSG00000114166,ENSG00000115364,ENSG00000204220,
ENSG00000163874,ENSG00000162396,ENSG00000162616,ENSG00000143033,ENSG00000197622,ENSG00000163462,ENSG00000143578,ENSG00000240857,ENSG00000171163,ENSG00000034510,ENSG00000144021,ENSG00000159374,ENSG00000075426,ENSG00000169554,ENSG00000144559,ENSG00000131368,ENSG00000196872,ENSG00000153071,ENSG00000153823,ENSG00000172795,ENSG00000168026,ENSG00000115425,ENSG00000135521,
ENSG00000188786,ENSG00000117054,ENSG00000162642,ENSG00000122481,ENSG00000143612,ENSG00000158473,ENSG00000154309,ENSG00000150938,ENSG00000171853,ENSG00000115652,ENSG00000163006,ENSG00000068654,ENSG00000115464,ENSG00000157827,ENSG00000154814,ENSG00000093217,ENSG00000175874,ENSG00000174695,ENSG00000114529,ENSG00000113580,ENSG00000185614,ENSG00000115648,ENSG00000183665,
ENSG00000116954,ENSG00000137976,ENSG00000142867,ENSG00000116396,ENSG00000160691,ENSG00000143217,ENSG00000143772,ENSG00000119729,ENSG00000152518,ENSG00000144118,ENSG00000144161,ENSG00000135956,ENSG00000082258,ENSG00000115966,ENSG00000153551,ENSG00000163818,ENSG00000144560,ENSG00000096654,ENSG00000196428,ENSG00000164330,ENSG00000248592,ENSG00000171757,ENSG00000136936,
ENSG00000168389,ENSG00000064703,ENSG00000097033,ENSG00000198483,ENSG00000116584,ENSG00000143179,ENSG00000143994,ENSG00000169764,ENSG00000144040,ENSG00000128641,ENSG00000158428,ENSG00000204406,ENSG00000115806,ENSG00000138386,ENSG00000196345,ENSG00000066405,ENSG00000144659,ENSG00000187626,ENSG00000171109,ENSG00000137198,ENSG00000114251,ENSG00000078070,ENSG00000196152,
ENSG00000117000,ENSG00000134242,ENSG00000122482,ENSG00000143363,ENSG00000117036,ENSG00000023572,ENSG00000171103,ENSG00000115109,ENSG00000153561,ENSG00000196141,ENSG00000144579,ENSG00000163093,ENSG00000163510,ENSG00000003400,ENSG00000164048,ENSG00000163626,ENSG00000114125,ENSG00000204564,ENSG00000137462,ENSG00000111897,ENSG00000031081,ENSG00000186222,ENSG00000171169,
ENSG00000078618,ENSG00000118655,ENSG00000117500,ENSG00000182134,ENSG00000117090,ENSG00000159176,ENSG00000152147,ENSG00000115368,ENSG00000135966,ENSG00000135919,ENSG00000115556,ENSG00000138442,ENSG00000138411,ENSG00000144445,ENSG00000178467,ENSG00000179387,ENSG00000159788,ENSG00000213588,ENSG00000145428,ENSG00000169193,ENSG00000173706,ENSG00000085871,ENSG00000167113,
ENSG00000116641,ENSG00000134247,ENSG00000067334,ENSG00000163348,ENSG00000143226,ENSG00000143793,ENSG00000087338,ENSG00000204217,ENSG00000088179,ENSG00000131378,ENSG00000132326,ENSG00000115592,ENSG00000162971,ENSG00000168016,ENSG00000114316,ENSG00000145439,ENSG00000069020,ENSG00000124702,ENSG00000181381,ENSG00000106052,ENSG00000138772,ENSG00000250486,ENSG00000148300,
ENSG00000162434,ENSG00000065183,ENSG00000023909,ENSG00000132716,ENSG00000143155,ENSG00000168264,ENSG00000115325,ENSG00000163600,ENSG00000128694,ENSG00000206559,ENSG00000144711,ENSG00000132182,ENSG00000114933,ENSG00000157388,ENSG00000180376,ENSG00000249437,ENSG00000164338,ENSG00000168438,ENSG00000113240,ENSG00000153814,ENSG00000138698,ENSG00000164221,ENSG00000187713,
ENSG00000184588,ENSG00000131788,ENSG00000143106,ENSG00000143258,ENSG00000134371,ENSG00000185220,ENSG00000084090,ENSG00000182247,ENSG00000115942,ENSG00000145050,ENSG00000151093,ENSG00000010318,ENSG00000152056,ENSG00000163507,ENSG00000154917,ENSG00000145723,ENSG00000181104,ENSG00000146376,ENSG00000178338,ENSG00000136273,ENSG00000164111,ENSG00000113068,ENSG00000066336,
ENSG00000198160,ENSG00000272031,ENSG00000065135,ENSG00000185278,ENSG00000143862,ENSG00000084710,ENSG00000040933,ENSG00000163512,ENSG00000079308,ENSG00000169379,ENSG00000163755,ENSG00000010322,ENSG00000153558,ENSG00000114554,ENSG00000114770,ENSG00000134987,ENSG00000164252,ENSG00000146826,ENSG00000131459,ENSG00000105829,ENSG00000112941,ENSG00000124787,ENSG00000213619,
ENSG00000116754,ENSG00000162836,ENSG00000213281,ENSG00000135835,ENSG00000117139,ENSG00000119772,ENSG00000183513,ENSG00000172936,ENSG00000124003,ENSG00000177707,ENSG00000068885,ENSG00000113966,ENSG00000178694,ENSG00000154310,ENSG00000157426,ENSG00000185129,ENSG00000132846,ENSG00000106351,ENSG00000137267,ENSG00000122783,ENSG00000164188,ENSG00000204568,ENSG00000173598,
ENSG00000162614,ENSG00000143374,ENSG00000163399,ENSG00000135823,ENSG00000183155,ENSG00000152133,ENSG00000144061,ENSG00000067560,ENSG00000144504,ENSG00000144837,ENSG00000073849,ENSG00000114023,ENSG00000163608,ENSG00000075651,ENSG00000118777,ENSG00000112062,ENSG00000168566,ENSG00000160999,ENSG00000234745,ENSG00000186480,ENSG00000177721,ENSG00000171611,ENSG00000092094,
ENSG00000137959,ENSG00000243364,ENSG00000159352,ENSG00000163485,ENSG00000159346,ENSG00000138036,ENSG00000153208,ENSG00000182179,ENSG00000162804,ENSG00000138495,ENSG00000128059,ENSG00000114491,ENSG00000176542,ENSG00000196526,ENSG00000168564,ENSG00000112079,ENSG00000146038,ENSG00000164815,ENSG00000198563,ENSG00000005302,ENSG00000118322,ENSG00000025039,ENSG00000128923,
ENSG00000137965,ENSG00000173171,ENSG00000143393,ENSG00000133059,ENSG00000266094,ENSG00000135638,ENSG00000247626,ENSG00000213533,ENSG00000180902,ENSG00000175697,ENSG00000164024,ENSG00000181467,ENSG00000121578,ENSG00000173085,ENSG00000168538,ENSG00000168116,ENSG00000124532,ENSG00000101811,ENSG00000130368,ENSG00000169895,ENSG00000204632,ENSG00000130150,ENSG00000184508,
ENSG00000153898,ENSG00000143224,ENSG00000159377,ENSG00000117625,ENSG00000162889,ENSG00000135637,ENSG00000163516,ENSG00000196776,ENSG00000144596,ENSG00000114019,ENSG00000150756,ENSG00000169282,ENSG00000221962,ENSG00000163625,ENSG00000152359,ENSG00000135315,ENSG00000277075,ENSG00000197620,ENSG00000122591,ENSG00000177189,ENSG00000137404,ENSG00000169499,ENSG00000180185,
ENSG00000137947,ENSG00000158882,ENSG00000143549,ENSG00000163050,ENSG00000136634,ENSG00000132313,ENSG00000144524,ENSG00000138463,ENSG00000182606,ENSG00000120742,ENSG00000134480,ENSG00000188001,ENSG00000174953,ENSG00000163110,ENSG00000145715,ENSG00000112320,ENSG00000233822,ENSG00000189420,ENSG00000136231,ENSG00000215301,ENSG00000112305,ENSG00000137547,ENSG00000103381,
ENSG00000213516,ENSG00000143157,ENSG00000143622,ENSG00000059588,ENSG00000117707,ENSG00000114988,ENSG00000188542,ENSG00000017260,ENSG00000011198,ENSG00000163882,ENSG00000171604,ENSG00000215375,ENSG00000163577,ENSG00000138802,ENSG00000164615,ENSG00000164818,ENSG00000275379,ENSG00000070718,ENSG00000180233,ENSG00000147050,ENSG00000092820,ENSG00000165060,ENSG00000103356,
ENSG00000117228,ENSG00000117593,ENSG00000026751,ENSG00000138030,ENSG00000143761,ENSG00000196151,ENSG00000154743,ENSG00000152601,ENSG00000178917,ENSG00000113916,ENSG00000181315,ENSG00000169676,ENSG00000058063,ENSG00000138688,ENSG00000169220,ENSG00000106069,ENSG00000137185,ENSG00000156831,ENSG00000187257,ENSG00000130985,ENSG00000130396,ENSG00000170681,ENSG00000180787,
ENSG00000162645,ENSG00000120333,ENSG00000117143,ENSG00000168887,ENSG00000152904,ENSG00000138399,ENSG00000173421,ENSG00000136603,ENSG00000114268,ENSG00000122068,ENSG00000197903,ENSG00000163104,ENSG00000174780,ENSG00000151726,ENSG00000158373,ENSG00000009954,ENSG00000083099,ENSG00000106789,ENSG00000153993,ENSG00000125676,ENSG00000106392,ENSG00000214063,ENSG00000172301,
ENSG00000213512,ENSG00000153029,ENSG00000197965,ENSG00000068615,ENSG00000117009,ENSG00000064933,ENSG00000068001,ENSG00000114450,ENSG00000236980,ENSG00000134851,ENSG00000235109,ENSG00000145391,ENSG00000173542,ENSG00000164151,ENSG00000277775,ENSG00000196456,ENSG00000160963,ENSG00000125485,ENSG00000106617,ENSG00000101972,ENSG00000221838,ENSG00000166444,ENSG00000141519,
ENSG00000162654,ENSG00000135821,ENSG00000117479,ENSG00000071073,ENSG00000071575,ENSG00000196290,ENSG00000068028,ENSG00000163872,ENSG00000114383,ENSG00000163735,ENSG00000204713,ENSG00000170088,ENSG00000138674,ENSG00000158985,ENSG00000189298,ENSG00000068354,ENSG00000269556,ENSG00000125484,ENSG00000046651,ENSG00000085185,ENSG00000106560,ENSG00000099282,ENSG00000141577,
ENSG00000154451,ENSG00000116857,ENSG00000116132,ENSG00000144120,ENSG00000197872,ENSG00000127837,ENSG00000144909,ENSG00000198836,ENSG00000163686,ENSG00000005059,ENSG00000204576,ENSG00000150627,ENSG00000168769,ENSG00000011083,ENSG00000204366,ENSG00000189369,ENSG00000126903,ENSG00000148296,ENSG00000173681,ENSG00000104689,ENSG00000130962,ENSG00000107957,ENSG00000204237,
ENSG00000117525,ENSG00000158715,ENSG00000094975,ENSG00000138439,ENSG00000178295,ENSG00000221944,ENSG00000070476,ENSG00000004468,ENSG00000129071,ENSG00000123737,ENSG00000080546,ENSG00000071539,ENSG00000145414,ENSG00000164463,ENSG00000204315,ENSG00000188917,ENSG00000104231,ENSG00000148297,ENSG00000147324,ENSG00000104671,ENSG00000102081,ENSG00000089876,ENSG00000141562,
ENSG00000162695,ENSG00000123836,ENSG00000143207,ENSG00000138413,ENSG00000084733,ENSG00000122085,ENSG00000114120,ENSG00000109790,ENSG00000174579,ENSG00000109670,ENSG00000173214,ENSG00000113569,ENSG00000056097,ENSG00000214113,ENSG00000118420,ENSG00000186416,ENSG00000147872,ENSG00000165724,ENSG00000164983,ENSG00000067167,ENSG00000047249,ENSG00000151490,ENSG00000089006,
ENSG00000177272,ENSG00000117697,ENSG00000143322,ENSG00000180871,ENSG00000119866,ENSG00000146205,ENSG00000169860,ENSG00000018189,ENSG00000158163,ENSG00000122008,ENSG00000130338,ENSG00000112294,ENSG00000145632,ENSG00000124635,ENSG00000178409,ENSG00000155189,ENSG00000137145,ENSG00000166337,ENSG00000197919,ENSG00000178860,ENSG00000136811,ENSG00000177465,ENSG00000142002,
ENSG00000116489,ENSG00000162931,ENSG00000162783,ENSG00000144567,ENSG00000169621,ENSG00000176946,ENSG00000133256,ENSG00000118804,ENSG00000163961,ENSG00000145703,ENSG00000130363,ENSG00000124575,ENSG00000049192,ENSG00000204516,ENSG00000155085,ENSG00000154328,ENSG00000198680,ENSG00000181830,ENSG00000119403,ENSG00000185015,ENSG00000258659,ENSG00000166170,ENSG00000125656,
ENSG00000009307,ENSG00000135775,ENSG00000116668,ENSG00000115687,ENSG00000143977,ENSG00000168395,ENSG00000180346,ENSG00000138758,ENSG00000084092,ENSG00000112893,ENSG00000177706,ENSG00000274618,ENSG00000164220,ENSG00000112715,ENSG00000146410,ENSG00000120925,ENSG00000173258,ENSG00000110104,ENSG00000196778,ENSG00000176853,ENSG00000175356,ENSG00000184887,ENSG00000104883,
ENSG00000265808,ENSG00000118960,ENSG00000159388,ENSG00000168393,ENSG00000065911,ENSG00000156983,ENSG00000077684,ENSG00000070190,ENSG00000138640,ENSG00000044115,ENSG00000106004,ENSG00000095970,ENSG00000132842,ENSG00000124813,ENSG00000164535,ENSG00000019549,ENSG00000119401,ENSG00000175294,ENSG00000049449,ENSG00000090054,ENSG00000167996,ENSG00000159556,ENSG00000133246,
ENSG00000178104,ENSG00000084774,ENSG00000158615,ENSG00000154767,ENSG00000158417,ENSG00000114026,ENSG00000145604,ENSG00000138821,ENSG00000181004,ENSG00000176087,ENSG00000176532,ENSG00000112561,ENSG00000113558,ENSG00000153291,ENSG00000122547,ENSG00000080503,ENSG00000165209,ENSG00000171067,ENSG00000162231,ENSG00000136874,ENSG00000180425,ENSG00000099385,ENSG00000254858,
ENSG00000117360,ENSG00000091106,ENSG00000117266,ENSG00000114739,ENSG00000071082,ENSG00000156990,ENSG00000164209,ENSG00000151466,ENSG00000249915,ENSG00000178913,ENSG00000006625,ENSG00000170915,ENSG00000119048,ENSG00000146247,ENSG00000122678,ENSG00000204291,ENSG00000130598,ENSG00000175567,ENSG00000148677,ENSG00000196358,ENSG00000151657,ENSG00000167515,ENSG00000175489,
ENSG00000143398,ENSG00000163214,ENSG00000143479,ENSG00000114853,ENSG00000115091,ENSG00000157017,ENSG00000113648,ENSG00000151470,ENSG00000228716,ENSG00000145817,ENSG00000234444,ENSG00000198945,ENSG00000113013,ENSG00000146281,ENSG00000105793,ENSG00000106799,ENSG00000254827,ENSG00000198879,ENSG00000069493,ENSG00000133794,ENSG00000204172,ENSG00000141736,ENSG00000167645,
ENSG00000160716,ENSG00000162881,ENSG00000008118,ENSG00000160796,ENSG00000196504,ENSG00000075975,ENSG00000120733,ENSG00000109390,ENSG00000132915,ENSG00000145901,ENSG00000009950,ENSG00000118515,ENSG00000254996,ENSG00000196911,ENSG00000239521,ENSG00000175764,ENSG00000205213,ENSG00000168283,ENSG00000184293,ENSG00000134627,ENSG00000138135,ENSG00000183153,ENSG00000063322,
ENSG00000160710,ENSG00000068724,ENSG00000162772,ENSG00000178537,ENSG00000077380,ENSG00000163528,ENSG00000170271,ENSG00000109436,ENSG00000170234,ENSG00000072786,ENSG00000182158,ENSG00000146540,ENSG00000168246,ENSG00000118495,ENSG00000160993,ENSG00000198870,ENSG00000149483,ENSG00000150867,ENSG00000172602,ENSG00000137693,ENSG00000139266,ENSG00000108439,ENSG00000234906,
ENSG00000163554,ENSG00000143933,ENSG00000143498,ENSG00000185909,ENSG00000163249,ENSG00000075914,ENSG00000124782,ENSG00000079215,ENSG00000113761,ENSG00000124784,ENSG00000197024,ENSG00000157778,ENSG00000161011,ENSG00000112531,ENSG00000157741,ENSG00000185670,ENSG00000168056,ENSG00000035403,ENSG00000174106,ENSG00000152558,ENSG00000198133,ENSG00000186074,ENSG00000167748,
ENSG00000163565,ENSG00000095002,ENSG00000143514,ENSG00000188315,ENSG00000163251,ENSG00000172113,ENSG00000187837,ENSG00000171522,ENSG00000165671,ENSG00000112763,ENSG00000146918,ENSG00000122512,ENSG00000145975,ENSG00000008256,ENSG00000127362,ENSG00000165490,ENSG00000173621,ENSG00000050405,ENSG00000166225,ENSG00000204397,ENSG00000099814,ENSG00000125445,ENSG00000105063,
ENSG00000163568,ENSG00000116096,ENSG00000153187,ENSG00000004838,ENSG00000163466,ENSG00000164077,ENSG00000064999,ENSG00000243414,ENSG00000198055,ENSG00000197238,ENSG00000158352,ENSG00000105877,ENSG00000007944,ENSG00000008277,ENSG00000106526,ENSG00000137494,ENSG00000137713,ENSG00000139579,ENSG00000133858,ENSG00000138138,ENSG00000104154,ENSG00000185813,ENSG00000196263,
ENSG00000117475,ENSG00000135632,ENSG00000153207,ENSG00000186451,ENSG00000173744,ENSG00000164086,ENSG00000112212,ENSG00000113583,ENSG00000145916,ENSG00000204463,ENSG00000157600,ENSG00000164649,ENSG00000204520,ENSG00000257923,ENSG00000204271,ENSG00000182919,ENSG00000149292,ENSG00000170855,ENSG00000175183,ENSG00000204020,ENSG00000135720,ENSG00000131069,ENSG00000204519,
ENSG00000117523,ENSG00000163013,ENSG00000134326,ENSG00000168291,ENSG00000184182,ENSG00000163684,ENSG00000112759,ENSG00000145907,ENSG00000197226,ENSG00000204209,ENSG00000101928,ENSG00000015676,ENSG00000096063,ENSG00000105856,ENSG00000125962,ENSG00000064199,ENSG00000120457,ENSG00000247077,ENSG00000165891,ENSG00000095564,ENSG00000183914,ENSG00000204070,ENSG00000099954,
ENSG00000135870,ENSG00000275111,ENSG00000134321,ENSG00000227124,ENSG00000134109,ENSG00000066422,ENSG00000164916,ENSG00000113282,ENSG00000183718,ENSG00000124731,ENSG00000214827,ENSG00000197008,ENSG00000065615,ENSG00000091136,ENSG00000147488,ENSG00000154146,ENSG00000107951,ENSG00000169062,ENSG00000135114,ENSG00000107864,ENSG00000154914,ENSG00000167670,ENSG00000198792,
ENSG00000235750,ENSG00000175701,ENSG00000151693,ENSG00000163617,ENSG00000163719,ENSG00000144827,ENSG00000182095,ENSG00000137393,ENSG00000204231,ENSG00000096384,ENSG00000198010,ENSG00000106477,ENSG00000154548,ENSG00000146802,ENSG00000167653,ENSG00000165568,ENSG00000177791,ENSG00000213903,ENSG00000130787,ENSG00000166532,ENSG00000146872,ENSG00000105364,,
ENSG00000143344,ENSG00000125630,ENSG00000134318,ENSG00000051341,ENSG00000132155,ENSG00000073111,ENSG00000155034,ENSG00000204264,ENSG00000161911,ENSG00000001561,ENSG00000182372,ENSG00000127399,ENSG00000057657,ENSG00000013374,ENSG00000198169,ENSG00000148848,ENSG00000119906,ENSG00000205683,ENSG00000125266,ENSG00000029153,ENSG00000176809,ENSG00000105135,,
ENSG00000135842,ENSG00000169967,ENSG00000138018,ENSG00000172771,ENSG00000144597,ENSG00000214160,ENSG00000146576,ENSG00000240065,ENSG00000124496,ENSG00000146242,ENSG00000175606,ENSG00000164885,ENSG00000118689,ENSG00000187260,ENSG00000147852,ENSG00000148814,ENSG00000111671,ENSG00000165898,ENSG00000197324,ENSG00000089127,ENSG00000011132,ENSG00000186272,,
ENSG00000073756,ENSG00000172878,ENSG00000119862,ENSG00000071794,ENSG00000091317,ENSG00000213139,ENSG00000205356,ENSG00000231925,ENSG00000065308,ENSG00000111880,ENSG00000164687,ENSG00000169188,ENSG00000112394,ENSG00000086758,ENSG00000165138,ENSG00000094916,ENSG00000139636,ENSG00000166477,ENSG00000126803,ENSG00000100902,ENSG00000181027,ENSG00000185838,,
ENSG00000116711,ENSG00000119042,ENSG00000138069,ENSG00000114796,ENSG00000163539,ENSG00000163918,ENSG00000166526,ENSG00000065060,ENSG00000119899,ENSG00000025796,ENSG00000107341,ENSG00000180964,ENSG00000164465,ENSG00000147202,ENSG00000167106,ENSG00000065361,ENSG00000139637,ENSG00000179151,ENSG00000119707,ENSG00000053770,ENSG00000249222,,,
ENSG00000151414,ENSG00000030419,ENSG00000115946,ENSG00000090316,ENSG00000076242,ENSG00000131127,ENSG00000106144,ENSG00000137200,ENSG00000130349,ENSG00000074935,ENSG00000107338,ENSG00000130826,ENSG00000118496,ENSG00000131725,ENSG00000097007,ENSG00000198056,ENSG00000135439,ENSG00000172349,ENSG00000119655,ENSG00000103978,ENSG00000180509,,,
ENSG00000118200,ENSG00000138363,ENSG00000115956,ENSG00000123933,ENSG00000163636,ENSG00000125089,ENSG00000197362,ENSG00000111961,ENSG00000146414,ENSG00000112378,ENSG00000106992,ENSG00000185515,ENSG00000131023,ENSG00000156500,ENSG00000165684,ENSG00000184992,ENSG00000111364,ENSG00000140577,ENSG00000133962,ENSG00000166710,,,,
ENSG00000159166,ENSG00000179921,ENSG00000198380,ENSG00000178988,ENSG00000163378,ENSG00000237765,ENSG00000133561,ENSG00000136238,ENSG00000106003,ENSG00000153721,ENSG00000136840,ENSG00000176595,ENSG00000213079,ENSG00000120889,ENSG00000165689,ENSG00000150456,ENSG00000165782,ENSG00000103253,ENSG00000197102,ENSG00000138594,,,,
ENSG00000257315,ENSG00000068024,ENSG00000176407,ENSG00000138764,ENSG00000083937,ENSG00000109618,ENSG00000044446,ENSG00000105855,ENSG00000157954,ENSG00000085511,ENSG00000148343,ENSG00000169495,ENSG00000120438,ENSG00000197217,ENSG00000099834,ENSG00000198718,ENSG00000153485,ENSG00000162076,ENSG00000126214,ENSG00000073417,,,,
ENSG00000196352,ENSG00000132170,ENSG00000172071,ENSG00000185477,ENSG00000144848,ENSG00000174130,ENSG00000125352,ENSG00000122566,ENSG00000011275,ENSG00000122674,ENSG00000165699,ENSG00000177076,ENSG00000136240,ENSG00000175073,ENSG00000134574,ENSG00000100580,ENSG00000104142,ENSG00000174628,ENSG00000137801,ENSG00000007392,,,,
ENSG00000197721,ENSG00000154783,ENSG00000158050,ENSG00000164032,ENSG00000138459,ENSG00000121897,ENSG00000147443,ENSG00000106100,ENSG00000135185,ENSG00000158604,ENSG00000176101,ENSG00000147955,ENSG00000048052,ENSG00000107249,ENSG00000110448,ENSG00000168350,ENSG00000168806,ENSG00000103549,ENSG00000182253,ENSG00000103496,,,,
ENSG00000123689,ENSG00000131373,ENSG00000163121,ENSG00000170917,ENSG00000181789,ENSG00000168556,ENSG00000275074,ENSG00000106605,ENSG00000166997,ENSG00000183696,ENSG00000132286,ENSG00000180447,ENSG00000187037,ENSG00000107036,ENSG00000126500,ENSG00000103994,ENSG00000136404,ENSG00000040633,ENSG00000168140,ENSG00000125107,,,,
ENSG00000136643,ENSG00000144677,ENSG00000158158,ENSG00000056050,ENSG00000163660,ENSG00000066230,ENSG00000120896,ENSG00000122515,ENSG00000146830,ENSG00000127946,ENSG00000134780,ENSG00000185920,ENSG00000106070,ENSG00000147894,ENSG00000187066,ENSG00000166797,ENSG00000136383,ENSG00000181885,ENSG00000140939,ENSG00000168404,,,,
ENSG00000186063,ENSG00000187091,ENSG00000071054,ENSG00000164118,ENSG00000114209,ENSG00000134061,ENSG00000120913,ENSG00000196262,ENSG00000147118,ENSG00000127955,ENSG00000149792,ENSG00000081386,ENSG00000158321,ENSG00000106829,ENSG00000175575,ENSG00000074696,ENSG00000162063,ENSG00000212719,ENSG00000141506,ENSG00000176390,,,,
ENSG00000181873,ENSG00000008226,ENSG00000115594,ENSG00000164306,ENSG00000176597,ENSG00000145675,ENSG00000156735,ENSG00000136286,ENSG00000184481,ENSG00000164715,ENSG00000173992,ENSG00000148153,ENSG00000128512,ENSG00000198785,ENSG00000154127,ENSG00000102879,ENSG00000122386,ENSG00000109083,ENSG00000176994,ENSG00000214226,,,,
ENSG00000116574,ENSG00000185219,ENSG00000168288,ENSG00000180104,ENSG00000161202,ENSG00000171617,ENSG00000171316,ENSG00000158517,ENSG00000185730,ENSG00000106258,ENSG00000137497,ENSG00000095303,ENSG00000186591,ENSG00000198121,ENSG00000150433,ENSG00000179965,ENSG00000167981,ENSG00000011258,ENSG00000205045,ENSG00000136451,,,,
ENSG00000162711,ENSG00000163807,ENSG00000115170,ENSG00000067248,ENSG00000196083,ENSG00000145725,ENSG00000121039,ENSG00000186088,ENSG00000167701,ENSG00000106366,ENSG00000160588,ENSG00000160404,ENSG00000080802,ENSG00000148344,ENSG00000165322,ENSG00000229809,ENSG00000083093,ENSG00000125450,ENSG00000159314,ENSG00000154265,,,,
ENSG00000134313,ENSG00000169964,ENSG00000115233,ENSG00000183323,ENSG00000184203,ENSG00000113141,ENSG00000180938,ENSG00000075223,ENSG00000164975,ENSG00000196937,ENSG00000036672,ENSG00000185085,ENSG00000105887,ENSG00000187239,ENSG00000075407,ENSG00000176387,ENSG00000151006,ENSG00000177303,ENSG00000159202,ENSG00000130812,,,,
ENSG00000151694,ENSG00000160799,ENSG00000138430,ENSG00000049883,ENSG00000161217,ENSG00000155846,ENSG00000155926,ENSG00000075142,ENSG00000175787,ENSG00000171115,ENSG00000134955,ENSG00000173153,ENSG00000205755,ENSG00000160325,ENSG00000166348,ENSG00000140873,ENSG00000135740,ENSG00000185504,ENSG00000108669,ENSG00000130522,,,,
ENSG00000173960,ENSG00000114388,ENSG00000128656,ENSG00000214944,ENSG00000135605,ENSG00000182578,ENSG00000234616,ENSG00000058091,ENSG00000173611,ENSG00000087842,ENSG00000197798,ENSG00000162302,ENSG00000157625,ENSG00000110713,ENSG00000107554,ENSG00000140905,ENSG00000141084,ENSG00000262814,ENSG00000247315,ENSG00000081665,,,,
ENSG00000171174,ENSG00000114735,ENSG00000173559,ENSG00000176055,ENSG00000138757,ENSG00000131446,ENSG00000183309,ENSG00000085514,ENSG00000136828,ENSG00000182287,ENSG00000174370,ENSG00000086848,ENSG00000078589,ENSG00000110497,ENSG00000107816,ENSG00000125434,ENSG00000159792,ENSG00000178927,ENSG00000204103,ENSG00000028277,,,,
ENSG00000055332,ENSG00000164081,ENSG00000197121,ENSG00000197375,ENSG00000138750,ENSG00000187566,ENSG00000187954,ENSG00000146776,ENSG00000095370,ENSG00000102172,ENSG00000170322,ENSG00000166106,ENSG00000165288,ENSG00000110031,ENSG00000107882,ENSG00000274211,ENSG00000177946,ENSG00000141385,ENSG00000079313,ENSG00000142227,,,,
ENSG00000138081,ENSG00000114779,ENSG00000115520,ENSG00000255833,ENSG00000174749,ENSG00000276180,ENSG00000160959,ENSG00000091140,ENSG00000167112,ENSG00000198814,ENSG00000047056,ENSG00000198298,ENSG00000188419,ENSG00000133321,ENSG00000079337,ENSG00000067191,ENSG00000109016,ENSG00000130684,ENSG00000099860,ENSG00000197608,,,,
ENSG00000138035,ENSG00000247596,ENSG00000155744,ENSG00000113658,ENSG00000109686,ENSG00000204438,ENSG00000137040,ENSG00000164603,ENSG00000171097,ENSG00000068400,ENSG00000122912,ENSG00000222047,ENSG00000101901,ENSG00000180773,ENSG00000135414,ENSG00000141526,ENSG00000136478,ENSG00000182584,ENSG00000105376,ENSG00000099968,,,,
ENSG00000162924,ENSG00000164088,ENSG00000079263,ENSG00000182700,ENSG00000164116,ENSG00000204410,ENSG00000099810,ENSG00000198898,ENSG00000188483,ENSG00000131263,ENSG00000107736,ENSG00000133678,ENSG00000101966,ENSG00000149212,ENSG00000139344,ENSG00000166845,ENSG00000141446,ENSG00000101181,ENSG00000130164,ENSG00000100031,,,,
ENSG00000197329,ENSG00000016391,ENSG00000134108,ENSG00000164576,ENSG00000164305,ENSG00000112039,ENSG00000198467,ENSG00000006530,ENSG00000148399,ENSG00000102158,ENSG00000108175,ENSG00000059573,ENSG00000102038,ENSG00000137747,ENSG00000189046,ENSG00000134444,ENSG00000101361,ENSG00000178951,ENSG00000105290,ENSG00000155313,,,,
ENSG00000059728,ENSG00000170854,ENSG00000134070,ENSG00000146083,ENSG00000153395,ENSG00000124659,ENSG00000137054,ENSG00000214717,ENSG00000099849,ENSG00000188706,ENSG00000189129,ENSG00000138111,ENSG00000168487,ENSG00000065809,ENSG00000122970,ENSG00000125834,ENSG00000125885,ENSG00000167680,ENSG00000125740,,,,,
ENSG00000124357,ENSG00000080819,ENSG00000144566,ENSG00000146094,ENSG00000037474,ENSG00000112640,ENSG00000198000,ENSG00000196664,ENSG00000177225,ENSG00000155962,ENSG00000213390,ENSG00000156398,ENSG00000104722,ENSG00000165312,ENSG00000157837,ENSG00000125812,ENSG00000125871,ENSG00000187650,,,,,,
ENSG00000196843,ENSG00000206535,ENSG00000163491,ENSG00000124766,ENSG00000113407,ENSG00000171467,ENSG00000148229,ENSG00000124479,ENSG00000110665,ENSG00000154359,ENSG00000165886,ENSG00000120645,ENSG00000023287,ENSG00000170312,ENSG00000198040,ENSG00000080839,ENSG00000101004,ENSG00000179115,,,,,,
ENSG00000115604,ENSG00000175792,ENSG00000033867,ENSG00000184357,ENSG00000145623,ENSG00000112210,ENSG00000107021,ENSG00000273820,ENSG00000166793,ENSG00000147416,ENSG00000078237,ENSG00000010219,ENSG00000137574,ENSG00000079332,ENSG00000165410,ENSG00000101452,ENSG00000088367,ENSG00000037757,,,,,,
ENSG00000071051,ENSG00000163913,ENSG00000093167,ENSG00000204348,ENSG00000070193,ENSG00000112365,ENSG00000126882,ENSG00000101888,ENSG00000172409,ENSG00000197265,ENSG00000061273,ENSG00000118308,ENSG00000123124,ENSG00000076685,ENSG00000089902,ENSG00000125650,ENSG00000101457,ENSG00000105705,,,,,,
ENSG00000115008,ENSG00000004399,ENSG00000144674,ENSG00000235863,ENSG00000197860,ENSG00000106012,ENSG00000186350,ENSG00000005893,ENSG00000168002,ENSG00000147586,ENSG00000172819,ENSG00000139131,ENSG00000104450,ENSG00000139180,ENSG00000168803,ENSG00000180855,ENSG00000158480,ENSG00000128626,,,,,,
ENSG00000125538,ENSG00000198585,ENSG00000168334,ENSG00000112659,ENSG00000171530,ENSG00000164631,ENSG00000213213,ENSG00000101974,ENSG00000168569,ENSG00000120526,ENSG00000166886,ENSG00000211584,ENSG00000104419,ENSG00000165685,ENSG00000137834,ENSG00000267041,ENSG00000087586,ENSG00000130204,,,,,,
ENSG00000136688,ENSG00000182923,ENSG00000003756,ENSG00000112118,ENSG00000205464,ENSG00000146733,ENSG00000197355,ENSG00000155970,ENSG00000173914,ENSG00000183784,ENSG00000127334,ENSG00000135443,ENSG00000197579,ENSG00000111405,ENSG00000166821,ENSG00000197050,ENSG00000104886,ENSG00000126456,,,,,,
ENSG00000115084,ENSG00000173905,ENSG00000168374,ENSG00000096093,ENSG00000118985,ENSG00000196715,ENSG00000176058,ENSG00000254087,ENSG00000020922,ENSG00000080608,ENSG00000180881,ENSG00000139625,ENSG00000164970,ENSG00000139644,ENSG00000059122,ENSG00000180479,ENSG00000105519,ENSG00000188785,,,,,,
ENSG00000226479,ENSG00000144959,ENSG00000144747,ENSG00000118482,ENSG00000172869,ENSG00000106638,ENSG00000185187,ENSG00000178764,ENSG00000149308,ENSG00000155158,ENSG00000150967,ENSG00000174206,ENSG00000188647,ENSG00000257127,ENSG00000168096,ENSG00000189144,ENSG00000076826,ENSG00000171574,,,,,,
ENSG00000115839,ENSG00000172578,ENSG00000163602,ENSG00000188994,ENSG00000151304,ENSG00000196636,ENSG00000179057,ENSG00000104518,ENSG00000134461,ENSG00000198642,ENSG00000136161,ENSG00000111696,ENSG00000198887,ENSG00000136051,ENSG00000103199,ENSG00000159905,ENSG00000256771,ENSG00000177663,,,,,,
ENSG00000144224,ENSG00000173950,ENSG00000114480,ENSG00000118690,ENSG00000169567,ENSG00000198556,ENSG00000149091,ENSG00000044459,ENSG00000172586,ENSG00000159921,ENSG00000126216,ENSG00000110921,ENSG00000135018,ENSG00000196850,ENSG00000090238,ENSG00000256294,ENSG00000197124,ENSG00000099899,,,,,,
ENSG00000135999,ENSG00000145214,ENSG00000080822,ENSG00000112367,ENSG00000113575,ENSG00000105851,ENSG00000188070,ENSG00000122692,ENSG00000165879,ENSG00000165119,ENSG00000087299,ENSG00000196510,ENSG00000170242,ENSG00000033030,ENSG00000131149,ENSG00000267508,ENSG00000160352,ENSG00000040608,,,,,,
ENSG00000115963,ENSG00000145217,ENSG00000114354,ENSG00000189007,ENSG00000169252,ENSG00000135245,ENSG00000176973,ENSG00000196092,ENSG00000138131,ENSG00000106701,ENSG00000198208,ENSG00000089022,ENSG00000062282,ENSG00000102780,ENSG00000184619,ENSG00000131398,ENSG00000105697,ENSG00000183773,,,,,,
ENSG00000184898,ENSG00000159692,ENSG00000176142,ENSG00000152818,ENSG00000113272,ENSG00000127412,ENSG00000263465,ENSG00000135002,ENSG00000095539,ENSG00000059769,ENSG00000166166,ENSG00000139405,ENSG00000110172,ENSG00000020577,ENSG00000072134,ENSG00000129450,ENSG00000167625,ENSG00000184436,,,,,,
ENSG00000123609,ENSG00000013810,ENSG00000075785,ENSG00000112425,ENSG00000113643,ENSG00000159840,ENSG00000255561,ENSG00000187764,ENSG00000111653,ENSG00000136918,ENSG00000198146,ENSG00000188026,ENSG00000166012,ENSG00000100644,ENSG00000274180,ENSG00000196214,ENSG00000104866,ENSG00000100092,,,,,,
ENSG00000123610,ENSG00000168936,ENSG00000091527,ENSG00000106009,ENSG00000043462,ENSG00000165175,ENSG00000110274,ENSG00000165030,ENSG00000197837,ENSG00000044574,ENSG00000183578,ENSG00000083635,ENSG00000149231,ENSG00000179627,ENSG00000167549,ENSG00000198046,ENSG00000063169,ENSG00000241360,,,,,,
ENSG00000080345,ENSG00000132405,ENSG00000144895,ENSG00000152926,ENSG00000113734,ENSG00000147124,ENSG00000256269,ENSG00000158122,ENSG00000185591,ENSG00000205339,ENSG00000140455,ENSG00000213906,ENSG00000148429,ENSG00000069667,ENSG00000141699,ENSG00000278129,ENSG00000104808,ENSG00000187051,,,,,,
ENSG00000177917,ENSG00000173013,ENSG00000114850,ENSG00000213462,ENSG00000145911,ENSG00000147155,ENSG00000152464,ENSG00000136867,ENSG00000135482,ENSG00000254598,ENSG00000180357,ENSG00000187790,ENSG00000148426,ENSG00000169032,ENSG00000175155,ENSG00000131849,ENSG00000239961,ENSG00000184208,,,,,,
ENSG00000153234,ENSG00000138796,ENSG00000186432,ENSG00000004799,ENSG00000278637,ENSG00000147133,ENSG00000172731,ENSG00000157693,ENSG00000118596,ENSG00000074319,ENSG00000140451,ENSG00000072121,ENSG00000095739,ENSG00000136425,ENSG00000181523,ENSG00000099910,ENSG00000100364,ENSG00000160256,,,,,,
ENSG00000115159,ENSG00000164105,ENSG00000121879,ENSG00000106333,ENSG00000204642,ENSG00000147174,ENSG00000148660,ENSG00000160326,ENSG00000136040,ENSG00000110436,ENSG00000140332,ENSG00000119630,ENSG00000165678,ENSG00000176463,ENSG00000176890,ENSG00000187792,ENSG00000160208,,,,,,,
ENSG00000136536,ENSG00000145569,ENSG00000078081,ENSG00000105808,ENSG00000204592,ENSG00000165240,ENSG00000152804,ENSG00000177105,ENSG00000166046,ENSG00000085117,ENSG00000138621,ENSG00000133935,ENSG00000138134,ENSG00000103852,ENSG00000154889,ENSG00000177692,,,,,,,,
ENSG00000153250,ENSG00000242110,ENSG00000053524,ENSG00000105875,ENSG00000137312,ENSG00000126953,ENSG00000181274,ENSG00000132274,ENSG00000111271,ENSG00000149218,ENSG00000167196,ENSG00000100565,ENSG00000108239,ENSG00000184277,ENSG00000141391,ENSG00000182670,,,,,,,,
ENSG00000136560,ENSG00000178996,ENSG00000133657,ENSG00000133619,ENSG00000226979,ENSG00000102178,ENSG00000107872,ENSG00000148925,ENSG00000175727,ENSG00000179331,ENSG00000103249,ENSG00000092529,ENSG00000126838,ENSG00000167371,ENSG00000141449,,,,,,,,,
ENSG00000115267,ENSG00000175426,ENSG00000180370,ENSG00000106479,ENSG00000213719,ENSG00000078674,ENSG00000189319,ENSG00000026508,ENSG00000139719,ENSG00000095139,ENSG00000167977,ENSG00000171914,ENSG00000111266,ENSG00000167207,ENSG00000134508,,,,,,,,,
ENSG00000153253,ENSG00000186687,ENSG00000168884,ENSG00000067992,ENSG00000204344,ENSG00000008853,ENSG00000188690,ENSG00000151348,ENSG00000133111,ENSG00000109971,ENSG00000169682,ENSG00000241839,ENSG00000123358,ENSG00000083799,ENSG00000196700,,,,,,,,,
ENSG00000138385,ENSG00000261934,ENSG00000181826,ENSG00000187601,ENSG00000204267,ENSG00000156675,ENSG00000171813,ENSG00000166889,ENSG00000165792,ENSG00000148459,ENSG00000099381,ENSG00000074621,ENSG00000197111,ENSG00000166484,ENSG00000205784,,,,,,,,,
ENSG00000116044,ENSG00000164620,ENSG00000109220,ENSG00000083750,ENSG00000112511,ENSG00000179041,ENSG00000111203,ENSG00000166927,ENSG00000155463,ENSG00000204176,ENSG00000167394,ENSG00000128973,ENSG00000198673,ENSG00000196712,ENSG00000130544,,,,,,,,,
ENSG00000180228,ENSG00000145882,ENSG00000083896,ENSG00000131089,ENSG00000156508,ENSG00000178896,ENSG00000111679,ENSG00000172977,ENSG00000258643,ENSG00000138316,ENSG00000167395,ENSG00000178802,ENSG00000061987,ENSG00000136436,ENSG00000105088,,,,,,,,,
ENSG00000187231,ENSG00000155506,ENSG00000169429,ENSG00000147130,ENSG00000198833,ENSG00000196378,ENSG00000139546,ENSG00000175582,ENSG00000126790,ENSG00000173145,ENSG00000103042,ENSG00000136378,ENSG00000111530,ENSG00000154240,ENSG00000198551,,,,,,,,,
ENSG00000138434,ENSG00000027847,ENSG00000081041,ENSG00000212747,ENSG00000153989,ENSG00000120158,ENSG00000161642,ENSG00000077514,ENSG00000126804,ENSG00000166136,ENSG00000132604,ENSG00000166813,ENSG00000121749,ENSG00000154262,ENSG00000105643,,,,,,,,,
ENSG00000115419,ENSG00000196670,ENSG00000109321,ENSG00000186376,ENSG00000146374,ENSG00000147874,ENSG00000139354,ENSG00000150687,ENSG00000119608,ENSG00000107651,ENSG00000185669,ENSG00000162004,ENSG00000008405,ENSG00000179604,ENSG00000105699,,,,,,,,,
ENSG00000115415,ENSG00000180822,ENSG00000138785,ENSG00000129675,ENSG00000196247,ENSG00000155621,ENSG00000139436,ENSG00000123240,ENSG00000170345,ENSG00000121350,ENSG00000140995,ENSG00000126602,ENSG00000150991,ENSG00000176105,ENSG00000105516,,,,,,,,,
ENSG00000138378,ENSG00000145945,ENSG00000198856,ENSG00000160219,ENSG00000091073,ENSG00000156345,ENSG00000122986,ENSG00000026025,ENSG00000119686,ENSG00000161791,ENSG00000196689,ENSG00000167523,ENSG00000061936,ENSG00000172466,ENSG00000100100,,,,,,,,,
ENSG00000081320,ENSG00000124523,ENSG00000150961,ENSG00000250305,ENSG00000157240,ENSG00000095383,ENSG00000135108,ENSG00000266412,ENSG00000185024,ENSG00000166888,ENSG00000002834,ENSG00000179409,ENSG00000102580,ENSG00000196628,,,,,,,,,,
ENSG00000003402,ENSG00000172197,ENSG00000138709,ENSG00000172728,ENSG00000004866,ENSG00000119321,ENSG00000027001,ENSG00000180817,ENSG00000166145,ENSG00000111012,ENSG00000126351,ENSG00000167711,ENSG00000092140,ENSG00000118707,,,,,,,,,,
ENSG00000064012,ENSG00000168298,ENSG00000151012,ENSG00000181638,ENSG00000059378,ENSG00000160408,ENSG00000136169,ENSG00000138279,ENSG00000159433,ENSG00000075415,ENSG00000006062,ENSG00000173065,ENSG00000100852,ENSG00000101342,,,,,,,,,,
ENSG00000178385,ENSG00000204371,ENSG00000164134,ENSG00000173137,ENSG00000106028,ENSG00000238227,ENSG00000156030,ENSG00000165806,ENSG00000047346,ENSG00000136052,ENSG00000198909,ENSG00000073536,ENSG00000174373,ENSG00000196839,,,,,,,,,,
ENSG00000163082,ENSG00000213676,ENSG00000052795,ENSG00000205808,ENSG00000188158,ENSG00000165688,ENSG00000140044,ENSG00000197771,ENSG00000178761,ENSG00000136026,ENSG00000136490,ENSG00000108733,ENSG00000186469,ENSG00000197818,,,,,,,,,,
ENSG00000115009,ENSG00000204308,ENSG00000186352,ENSG00000099219,ENSG00000147027,ENSG00000198569,ENSG00000198894,ENSG00000067182,ENSG00000178718,ENSG00000110906,ENSG00000214140,ENSG00000108312,ENSG00000100592,ENSG00000124226,,,,,,,,,,
ENSG00000153827,ENSG00000242574,ENSG00000164236,ENSG00000164985,ENSG00000180182,ENSG00000005801,ENSG00000151445,ENSG00000182326,ENSG00000103888,ENSG00000111775,ENSG00000141527,ENSG00000167447,ENSG00000080824,ENSG00000105707,,,,,,,,,,
ENSG00000135899,ENSG00000112514,ENSG00000176788,ENSG00000119457,ENSG00000102226,ENSG00000165915,ENSG00000100722,ENSG00000159403,ENSG00000183496,ENSG00000111358,ENSG00000175866,ENSG00000136485,ENSG00000166233,ENSG00000105404,,,,,,,,,,
ENSG00000185404,ENSG00000023892,ENSG00000113387,ENSG00000106780,ENSG00000126756,ENSG00000123444,ENSG00000100599,ENSG00000173391,ENSG00000169609,ENSG00000081760,ENSG00000141404,ENSG00000181038,ENSG00000179335,ENSG00000128274,,,,,,,,,,
ENSG00000067066,ENSG00000112167,ENSG00000168685,ENSG00000136854,ENSG00000126947,ENSG00000162194,ENSG00000100604,ENSG00000167550,ENSG00000177082,ENSG00000165487,ENSG00000134490,ENSG00000167900,ENSG00000173517,ENSG00000156273,,,,,,,,,,
ENSG00000173692,ENSG00000112624,ENSG00000164327,ENSG00000136807,ENSG00000077721,ENSG00000204922,ENSG00000137841,ENSG00000135677,ENSG00000140612,ENSG00000102531,ENSG00000141655,ENSG00000167363,ENSG00000085721,ENSG00000159231,,,,,,,,,,
ENSG00000170142,ENSG00000124587,ENSG00000132357,ENSG00000130723,ENSG00000147257,ENSG00000162222,ENSG00000128944,ENSG00000102189,ENSG00000197562,ENSG00000150510,ENSG00000197971,ENSG00000176225,ENSG00000243716,,,,,,,,,,,
ENSG00000144635,ENSG00000146263,ENSG00000152684,ENSG00000169925,ENSG00000147403,ENSG00000149782,ENSG00000051180,ENSG00000120802,ENSG00000167968,ENSG00000129515,ENSG00000101040,ENSG00000060069,ENSG00000186187,,,,,,,,,,,
ENSG00000153560,ENSG00000164494,ENSG00000130449,ENSG00000197070,ENSG00000155959,ENSG00000175463,ENSG00000166140,ENSG00000136048,ENSG00000127564,ENSG00000165527,ENSG00000124171,ENSG00000132661,ENSG00000109111,,,,,,,,,,,
ENSG00000172939,ENSG00000155111,ENSG00000112851,ENSG00000177685,ENSG00000003989,ENSG00000168040,ENSG00000166855,ENSG00000111727,ENSG00000213918,ENSG00000100632,ENSG00000101138,ENSG00000101353,ENSG00000131480,,,,,,,,,,,
ENSG00000144655,ENSG00000079950,ENSG00000134058,ENSG00000151117,ENSG00000104687,ENSG00000184154,ENSG00000140350,ENSG00000139433,ENSG00000153443,ENSG00000119689,ENSG00000129911,ENSG00000228300,ENSG00000182481,,,,,,,,,,,
ENSG00000114784,ENSG00000164442,ENSG00000145741,ENSG00000183161,ENSG00000104695,ENSG00000165609,ENSG00000007376,ENSG00000150977,ENSG00000103174,ENSG00000100764,ENSG00000172081,ENSG00000141965,ENSG00000101557,,,,,,,,,,,
ENSG00000168036,ENSG00000026297,ENSG00000176928,ENSG00000157570,ENSG00000082556,ENSG00000165983,ENSG00000074071,ENSG00000102763,ENSG00000067365,ENSG00000170113,ENSG00000171295,ENSG00000198342,ENSG00000170471,,,,,,,,,,,
ENSG00000121797,ENSG00000106443,ENSG00000113161,ENSG00000149503,ENSG00000008988,ENSG00000198105,ENSG00000162066,ENSG00000179630,ENSG00000184857,ENSG00000041357,ENSG00000130479,ENSG00000105173,ENSG00000130584,,,,,,,,,,,
ENSG00000162267,ENSG00000078967,ENSG00000153922,ENSG00000110011,ENSG00000104341,ENSG00000181915,ENSG00000103343,ENSG00000139687,ENSG00000186260,ENSG00000156206,ENSG00000216490,ENSG00000131944,ENSG00000196646,,,,,,,,,,,
ENSG00000272886,ENSG00000146700,ENSG00000164211,ENSG00000168061,ENSG00000070756,ENSG00000198246,ENSG00000168101,ENSG00000102524,ENSG00000090905,ENSG00000140575,ENSG00000181666,ENSG00000130881,ENSG00000105193,,,,,,,,,,,
ENSG00000163666,ENSG00000005469,ENSG00000153037,ENSG00000174516,ENSG00000136960,ENSG00000148606,ENSG00000103550,ENSG00000092199,ENSG00000178188,ENSG00000169180,ENSG00000099337,ENSG00000105698,ENSG00000015475,,,,,,,,,,,
ENSG00000163605,ENSG00000106290,ENSG00000145780,ENSG00000174165,ENSG00000160932,ENSG00000138185,ENSG00000166971,ENSG00000100911,ENSG00000156873,ENSG00000166451,ENSG00000142046,ENSG00000171827,ENSG00000205856,,,,,,,,,,,
ENSG00000255423,ENSG00000146828,ENSG00000155324,ENSG00000172508,ENSG00000107020,ENSG00000155229,ENSG00000088682,ENSG00000126821,ENSG00000177200,ENSG00000140961,ENSG00000177191,ENSG00000180257,ENSG00000100207,,,,,,,,,,,
ENSG00000179021,ENSG00000087077,ENSG00000066583,ENSG00000131626,ENSG00000165304,ENSG00000119986,ENSG00000196155,ENSG00000140319,ENSG00000102890,ENSG00000174238,ENSG00000204920,ENSG00000170906,ENSG00000160199,,,,,,,,,,,
ENSG00000144802,ENSG00000160991,ENSG00000164400,ENSG00000168010,ENSG00000119139,ENSG00000119929,ENSG00000159723,ENSG00000137814,ENSG00000072736,ENSG00000108691,ENSG00000204851,ENSG00000275183,,,,,,,,,,,,
ENSG00000144824,ENSG00000106348,ENSG00000072364,ENSG00000110318,ENSG00000127080,ENSG00000107815,ENSG00000102974,ENSG00000167004,ENSG00000103064,ENSG00000108702,ENSG00000142544,ENSG00000185252,,,,,,,,,,,,
ENSG00000121594,ENSG00000171130,ENSG00000113615,ENSG00000182359,ENSG00000165233,ENSG00000166169,ENSG00000168286,ENSG00000138600,ENSG00000205078,ENSG00000006125,ENSG00000196267,ENSG00000128294,,,,,,,,,,,,
ENSG00000121577,ENSG00000213203,ENSG00000120738,ENSG00000149313,ENSG00000251349,ENSG00000171206,ENSG00000167264,ENSG00000103642,ENSG00000176715,ENSG00000168259,ENSG00000167562,ENSG00000100105,,,,,,,,,,,,
ENSG00000082701,ENSG00000133612,ENSG00000120705,ENSG00000149311,ENSG00000136813,ENSG00000107669,ENSG00000103066,ENSG00000180304,ENSG00000108963,ENSG00000101608,ENSG00000104974,ENSG00000100344,,,,,,,,,,,,
ENSG00000114030,ENSG00000073464,ENSG00000113649,ENSG00000170145,ENSG00000148154,ENSG00000111181,ENSG00000167377,ENSG00000067221,ENSG00000177602,ENSG00000118680,ENSG00000131848,ENSG00000157617,,,,,,,,,,,,
ENSG00000138496,ENSG00000183337,ENSG00000113712,ENSG00000160593,ENSG00000119314,ENSG00000053702,ENSG00000157429,ENSG00000167173,ENSG00000091592,ENSG00000215251,ENSG00000182318,,,,,,,,,,,,,
ENSG00000163840,ENSG00000171659,ENSG00000113263,ENSG00000110400,ENSG00000196814,ENSG00000111641,ENSG00000140836,ENSG00000140386,ENSG00000177427,ENSG00000101310,ENSG00000183307,,,,,,,,,,,,,
ENSG00000173193,ENSG00000101945,ENSG00000135074,ENSG00000154114,ENSG00000142089,ENSG00000050426,ENSG00000103150,ENSG00000140548,ENSG00000141298,ENSG00000125970,ENSG00000159496,,,,,,,,,,,,,
ENSG00000169087,ENSG00000012211,ENSG00000120129,ENSG00000134909,ENSG00000051009,ENSG00000182544,ENSG00000103264,ENSG00000159714,ENSG00000073605,ENSG00000062598,ENSG00000100292,,,,,,,,,,,,,
ENSG00000184432,ENSG00000124313,ENSG00000113194,ENSG00000196323,ENSG00000149100,ENSG00000170473,ENSG00000104731,ENSG00000167703,ENSG00000131759,ENSG00000011304,ENSG00000100055,,,,,,,,,,,,,
ENSG00000114127,ENSG00000182518,ENSG00000137265,ENSG00000077420,ENSG00000149016,ENSG00000123329,ENSG00000158717,ENSG00000185722,ENSG00000108798,ENSG00000064932,ENSG00000213923,,,,,,,,,,,,,
ENSG00000188313,ENSG00000186787,ENSG00000168994,ENSG00000196693,ENSG00000149257,ENSG00000184575,ENSG00000174177,ENSG00000258315,ENSG00000136504,ENSG00000167658,ENSG00000188636,,,,,,,,,,,,,
ENSG00000181788,ENSG00000090776,ENSG00000111846,ENSG00000165406,ENSG00000077458,ENSG00000013503,ENSG00000186532,ENSG00000083290,ENSG00000178404,ENSG00000123146,ENSG00000156299,,,,,,,,,,,,,
ENSG00000163659,ENSG00000172465,ENSG00000078401,ENSG00000156521,ENSG00000137757,ENSG00000175970,ENSG00000180626,ENSG00000172123,ENSG00000167280,ENSG00000105669,ENSG00000142197,,,,,,,,,,,,,
ENSG00000163661,ENSG00000157514,ENSG00000112149,ENSG00000148730,ENSG00000137752,ENSG00000089094,ENSG00000004975,ENSG00000126561,ENSG00000175322,ENSG00000267796,ENSG00000141956,,,,,,,,,,,,,
ENSG00000184378,ENSG00000187808,ENSG00000112242,ENSG00000107719,ENSG00000137710,ENSG00000177192,ENSG00000215041,ENSG00000168610,ENSG00000154832,ENSG00000105771,ENSG00000160193,,,,,,,,,,,,,
ENSG00000075420,ENSG00000122122,ENSG00000111802,ENSG00000156650,ENSG00000084234,ENSG00000173141,ENSG00000214941,ENSG00000108387,ENSG00000088888,ENSG00000171051,ENSG00000160214,,,,,,,,,,,,,
ENSG00000121858,ENSG00000198689,ENSG00000204616,ENSG00000107821,ENSG00000107937,ENSG00000139675,ENSG00000181350,ENSG00000123700,ENSG00000132646,ENSG00000171049,,,,,,,,,,,,,,
ENSG00000114416,ENSG00000102125,ENSG00000204569,ENSG00000198728,ENSG00000134460,ENSG00000165506,ENSG00000124422,ENSG00000173821,ENSG00000101019,ENSG00000083828,,,,,,,,,,,,,,
ENSG00000136527,ENSG00000130227,ENSG00000146112,ENSG00000119950,ENSG00000134453,ENSG00000032219,ENSG00000109084,ENSG00000141574,ENSG00000132819,ENSG00000171606,,,,,,,,,,,,,,
ENSG00000136514,ENSG00000147475,ENSG00000137331,ENSG00000150593,ENSG00000148481,ENSG00000100578,ENSG00000004139,ENSG00000082397,ENSG00000149657,ENSG00000100353,,,,,,,,,,,,,,
ENSG00000090530,ENSG00000187840,ENSG00000204388,ENSG00000119927,ENSG00000165757,ENSG00000181619,ENSG00000109118,ENSG00000134049,ENSG00000141873,ENSG00000183864,,,,,,,,,,,,,,
ENSG00000188958,ENSG00000022567,ENSG00000204256,ENSG00000165646,ENSG00000243660,ENSG00000119669,ENSG00000179761,ENSG00000125826,ENSG00000172006,ENSG00000242247,,,,,,,,,,,,,,
ENSG00000152492,ENSG00000130193,ENSG00000096070,ENSG00000170430,ENSG00000165732,ENSG00000197119,ENSG00000108262,ENSG00000125868,ENSG00000185361,ENSG00000157557,,,,,,,,,,,,,,
ENSG00000180611,ENSG00000179886,ENSG00000124762,ENSG00000151065,ENSG00000180644,ENSG00000100711,ENSG00000131242,ENSG00000101337,ENSG00000102575,,,,,,,,,,,,,,,
ENSG00000145016,ENSG00000104524,ENSG00000137193,ENSG00000010295,ENSG00000155629,ENSG00000140104,ENSG00000276293,ENSG00000100991,ENSG00000171291,,,,,,,,,,,,,,,
ENSG00000186001,ENSG00000181135,ENSG00000001167,ENSG00000139146,ENSG00000059915,ENSG00000174197,ENSG00000172057,ENSG00000060491,ENSG00000196757,,,,,,,,,,,,,,,
ENSG00000137449,ENSG00000235173,ENSG00000137221,ENSG00000139651,ENSG00000108039,ENSG00000103707,ENSG00000064195,ENSG00000130303,ENSG00000188033,,,,,,,,,,,,,,,
ENSG00000002549,ENSG00000167700,ENSG00000012660,ENSG00000175215,ENSG00000089692,ENSG00000138604,ENSG00000136444,ENSG00000126262,ENSG00000160229,,,,,,,,,,,,,,,
ENSG00000109606,ENSG00000160957,ENSG00000119900,ENSG00000175782,ENSG00000059804,ENSG00000140497,ENSG00000011143,ENSG00000069399,ENSG00000089335,,,,,,,,,,,,,,,
ENSG00000038210,ENSG00000196150,ENSG00000005700,ENSG00000084110,ENSG00000167535,ENSG00000183208,ENSG00000125449,ENSG00000104946,ENSG00000130755,,,,,,,,,,,,,,,
ENSG00000047365,ENSG00000170631,ENSG00000013375,ENSG00000186298,ENSG00000110844,ENSG00000197599,ENSG00000125454,ENSG00000104951,ENSG00000123815,,,,,,,,,,,,,,,
ENSG00000168421,ENSG00000137038,ENSG00000189241,ENSG00000214029,ENSG00000066084,ENSG00000140992,ENSG00000175931,ENSG00000213024,ENSG00000160570,,,,,,,,,,,,,,,
ENSG00000163694,ENSG00000165271,ENSG00000112306,ENSG00000139508,ENSG00000111490,ENSG00000122390,ENSG00000141570,ENSG00000128203,ENSG00000125741,,,,,,,,,,,,,,,
ENSG00000014824,ENSG00000159884,ENSG00000010818,ENSG00000133121,ENSG00000135679,ENSG00000166246,ENSG00000185298,ENSG00000182541,ENSG00000131400,,,,,,,,,,,,,,,
ENSG00000174799,ENSG00000147912,ENSG00000120265,ENSG00000152213,ENSG00000080371,ENSG00000171490,ENSG00000134504,ENSG00000128284,ENSG00000197497,,,,,,,,,,,,,,,
ENSG00000035720,ENSG00000137124,ENSG00000146476,ENSG00000136108,ENSG00000120833,ENSG00000048471,ENSG00000075336,ENSG00000100368,ENSG00000167608,,,,,,,,,,,,,,,
ENSG00000033178,ENSG00000165140,ENSG00000130340,ENSG00000139793,ENSG00000174437,ENSG00000213658,ENSG00000179981,ENSG00000128394,ENSG00000249471,,,,,,,,,,,,,,,
ENSG00000163739,ENSG00000196312,ENSG00000178381,ENSG00000165804,ENSG00000089009,ENSG00000185905,ENSG00000101546,ENSG00000239713,ENSG00000100003,,,,,,,,,,,,,,,
ENSG00000163734,ENSG00000136932,ENSG00000198517,ENSG00000235194,ENSG00000176871,ENSG00000169221,ENSG00000101247,ENSG00000239900,ENSG00000128268,,,,,,,,,,,,,,,
ENSG00000124882,ENSG00000136938,ENSG00000105866,ENSG00000129534,ENSG00000135090,ENSG00000169957,ENSG00000232838,ENSG00000025708,ENSG00000160179,,,,,,,,,,,,,,,
ENSG00000138768,ENSG00000148158,ENSG00000146592,ENSG00000197776,ENSG00000135124,ENSG00000175938,ENSG00000125967,ENSG00000177989,,,,,,,,,,,,,,,,
ENSG00000138755,ENSG00000148218,ENSG00000010270,ENSG00000165516,ENSG00000110801,ENSG00000052344,ENSG00000099821,ENSG00000160233,,,,,,,,,,,,,,,,
ENSG00000169245,ENSG00000106948,ENSG00000122641,ENSG00000119596,ENSG00000165474,ENSG00000155393,ENSG00000116032,ENSG00000198888,,,,,,,,,,,,,,,,
ENSG00000169248,ENSG00000119421,ENSG00000164543,ENSG00000013523,ENSG00000120688,ENSG00000217555,ENSG00000005206,ENSG00000198804,,,,,,,,,,,,,,,,
ENSG00000138670,ENSG00000106991,ENSG00000132432,ENSG00000100784,ENSG00000125249,ENSG00000172840,ENSG00000142347,ENSG00000198938,,,,,,,,,,,,,,,,
ENSG00000163644,ENSG00000148334,ENSG00000126524,ENSG00000133943,ENSG00000129460,ENSG00000135723,ENSG00000099331,,,,,,,,,,,,,,,,,
ENSG00000138642,ENSG00000148341,ENSG00000106682,ENSG00000140090,ENSG00000196497,ENSG00000182810,ENSG00000160113,,,,,,,,,,,,,,,,,
ENSG00000138646,ENSG00000136878,ENSG00000127947,ENSG00000165948,ENSG00000092330,ENSG00000168802,ENSG00000130517,,,,,,,,,,,,,,,,,
ENSG00000109320,ENSG00000130560,ENSG00000006576,ENSG00000165959,ENSG00000139921,ENSG00000213380,ENSG00000181035,,,,,,,,,,,,,,,,,
ENSG00000109332,ENSG00000187796,ENSG00000234545,ENSG00000128731,ENSG00000125952,ENSG00000170100,ENSG00000184635,,,,,,,,,,,,,,,,,
ENSG00000145365,ENSG00000196642,ENSG00000135249,ENSG00000198690,ENSG00000100650,ENSG00000070444,ENSG00000196081,,,,,,,,,,,,,,,,,
ENSG00000172403,ENSG00000188747,ENSG00000135241,ENSG00000176454,ENSG00000119725,ENSG00000004660,ENSG00000245848,,,,,,,,,,,,,,,,,
ENSG00000050730,ENSG00000142082,ENSG00000128590,ENSG00000188549,ENSG00000100591,ENSG00000167840,ENSG00000205138,,,,,,,,,,,,,,,,,
ENSG00000151014,ENSG00000174775,ENSG00000048405,ENSG00000140323,ENSG00000100601,ENSG00000005100,ENSG00000161277,,,,,,,,,,,,,,,,,
ENSG00000164136,ENSG00000177042,ENSG00000157764,ENSG00000169105,ENSG00000165914,ENSG00000179094,ENSG00000186017,,,,,,,,,,,,,,,,,
ENSG00000153147,ENSG00000177830,ENSG00000106615,ENSG00000137857,ENSG00000165949,ENSG00000141027,ENSG00000188283,,,,,,,,,,,,,,,,,
ENSG00000164164,ENSG00000166452,ENSG00000165195,ENSG00000173548,ENSG00000140105,ENSG00000166582,ENSG00000128000,,,,,,,,,,,,,,,,,
ENSG00000151611,ENSG00000110455,ENSG00000047634,ENSG00000140382,ENSG00000131323,ENSG00000171953,ENSG00000197782,,,,,,,,,,,,,,,,,
ENSG00000109756,ENSG00000110107,ENSG00000123130,ENSG00000176371,ENSG00000166165,ENSG00000091536,ENSG00000176472,,,,,,,,,,,,,,,,,
ENSG00000137628,ENSG00000214753,ENSG00000130066,ENSG00000242498,ENSG00000069869,ENSG00000185862,ENSG00000126464,,,,,,,,,,,,,,,,,
ENSG00000112972,ENSG00000185475,ENSG00000184831,ENSG00000154237,ENSG00000103671,ENSG00000126860,ENSG00000168995,,,,,,,,,,,,,,,,,
ENSG00000164294,ENSG00000110583,ENSG00000102218,ENSG00000187535,ENSG00000140379,ENSG00000198863,ENSG00000198346,,,,,,,,,,,,,,,,,
ENSG00000134352,ENSG00000149761,ENSG00000126767,ENSG00000065057,ENSG00000140406,ENSG00000181610,ENSG00000127903,,,,,,,,,,,,,,,,,
ENSG00000155545,ENSG00000173511,ENSG00000130052,ENSG00000175595,ENSG00000140450,ENSG00000264364,ENSG00000275793,,,,,,,,,,,,,,,,,
ENSG00000062194,ENSG00000133895,ENSG00000123562,ENSG00000184730,ENSG00000007545,ENSG00000198231,ENSG00000070413,,,,,,,,,,,,,,,,,
ENSG00000164181,ENSG00000175602,ENSG00000176076,ENSG00000180035,ENSG00000189067,ENSG00000256525,ENSG00000133422,,,,,,,,,,,,,,,,,
ENSG00000157111,ENSG00000174684,ENSG00000068366,ENSG00000169951,ENSG00000184602,ENSG00000109065,ENSG00000128311,,,,,,,,,,,,,,,,,
ENSG00000164329,ENSG00000173020,ENSG00000102034,ENSG00000197162,ENSG00000103342,ENSG00000109066,ENSG00000100060,,,,,,,,,,,,,,,,,
ENSG00000175471,ENSG00000172932,ENSG00000013619,ENSG00000156853,ENSG00000102897,ENSG00000141542,ENSG00000100211,,,,,,,,,,,,,,,,,
ENSG00000153113,ENSG00000172830,ENSG00000203879,ENSG00000102870,ENSG00000102931,ENSG00000132199,ENSG00000205643,,,,,,,,,,,,,,,,,
ENSG00000145777,ENSG00000175482,ENSG00000104643,ENSG00000178226,ENSG00000102871,ENSG00000101695,ENSG00000075240,,,,,,,,,,,,,,,,,
ENSG00000152503,ENSG00000172725,ENSG00000155975,ENSG00000166123,ENSG00000179044,ENSG00000186496,,,,,,,,,,,,,,,,,,
ENSG00000145779,ENSG00000006534,ENSG00000156011,ENSG00000166546,ENSG00000224470,ENSG00000100997,,,,,,,,,,,,,,,,,,
ENSG00000113368,ENSG00000110090,ENSG00000168495,ENSG00000039523,ENSG00000196436,ENSG00000170191,,,,,,,,,,,,,,,,,,
ENSG00000173926,ENSG00000149357,ENSG00000120910,ENSG00000167261,ENSG00000065427,ENSG00000088305,,,,,,,,,,,,,,,,,,
ENSG00000197536,ENSG00000186635,ENSG00000120875,ENSG00000103047,ENSG00000135698,ENSG00000196227,,,,,,,,,,,,,,,,,,
ENSG00000125347,ENSG00000175581,ENSG00000158669,ENSG00000154118,ENSG00000140950,ENSG00000130699,,,,,,,,,,,,,,,,,,
ENSG00000145832,ENSG00000175538,ENSG00000221869,ENSG00000204991,ENSG00000108953,ENSG00000101194,,,,,,,,,,,,,,,,,,
ENSG00000086589,ENSG00000175536,ENSG00000133731,ENSG00000132386,ENSG00000132507,ENSG00000104897,,,,,,,,,,,,,,,,,,
ENSG00000213347,ENSG00000137491,ENSG00000104497,ENSG00000132359,ENSG00000132522,ENSG00000178297,,,,,,,,,,,,,,,,,,
ENSG00000054598,ENSG00000170903,ENSG00000164823,ENSG00000181284,ENSG00000179111,ENSG00000125912,,,,,,,,,,,,,,,,,,
ENSG00000170542,ENSG00000167257,ENSG00000164949,ENSG00000174282,ENSG00000161970,ENSG00000104880,,,,,,,,,,,,,,,,,,
ENSG00000137275,ENSG00000186318,ENSG00000147669,ENSG00000179029,ENSG00000170222,ENSG00000181029,,,,,,,,,,,,,,,,,,
ENSG00000112739,ENSG00000149573,ENSG00000164929,ENSG00000175662,ENSG00000170315,ENSG00000104976,,,,,,,,,,,,,,,,,,
ENSG00000095951,ENSG00000137700,ENSG00000147650,ENSG00000076351,ENSG00000160602,ENSG00000130810,,,,,,,,,,,,,,,,,,
ENSG00000124789,ENSG00000160703,ENSG00000064313,ENSG00000168792,ENSG00000092871,ENSG00000129347,,,,,,,,,,,,,,,,,,
ENSG00000124795,ENSG00000173456,ENSG00000189376,ENSG00000278619,ENSG00000125686,ENSG00000214189,,,,,,,,,,,,,,,,,,
ENSG00000112308,ENSG00000151702,ENSG00000173334,ENSG00000277363,ENSG00000167258,ENSG00000132005,,,,,,,,,,,,,,,,,,
ENSG00000278828,ENSG00000151502,ENSG00000153317,ENSG00000108306,ENSG00000168256,ENSG00000131351,,,,,,,,,,,,,,,,,,
ENSG00000234127,ENSG00000151500,ENSG00000123908,ENSG00000108786,ENSG00000068079,ENSG00000105708,,,,,,,,,,,,,,,,,,
ENSG00000204574,ENSG00000151498,ENSG00000147883,ENSG00000068137,ENSG00000161647,ENSG00000166359,,,,,,,,,,,,,,,,,,
ENSG00000206344,ENSG00000196372,ENSG00000137055,ENSG00000108840,ENSG00000161692,ENSG00000126249,,,,,,,,,,,,,,,,,,
ENSG00000232810,ENSG00000048740,ENSG00000107262,ENSG00000198740,ENSG00000004897,ENSG00000105261,,,,,,,,,,,,,,,,,,
ENSG00000204389,ENSG00000151474,ENSG00000165006,ENSG00000005882,ENSG00000108424,ENSG00000189042,,,,,,,,,,,,,,,,,,
ENSG00000243649,ENSG00000120594,ENSG00000135048,ENSG00000015532,ENSG00000108654,ENSG00000197863,,,,,,,,,,,,,,,,,,
ENSG00000168394,ENSG00000185875,ENSG00000123975,ENSG00000136457,ENSG00000186665,ENSG00000245680,,,,,,,,,,,,,,,,,,
ENSG00000180316,ENSG00000108094,ENSG00000106803,ENSG00000161509,ENSG00000185262,ENSG00000171817,,,,,,,,,,,,,,,,,,
ENSG00000010030,ENSG00000169740,ENSG00000119508,ENSG00000182173,ENSG00000129673,ENSG00000187187,,,,,,,,,,,,,,,,,,
ENSG00000179165,ENSG00000165507,ENSG00000023318,ENSG00000141401,ENSG00000171302,ENSG00000105722,,,,,,,,,,,,,,,,,,
ENSG00000172738,ENSG00000107731,ENSG00000066697,ENSG00000186812,ENSG00000141522,ENSG00000124444,,,,,,,,,,,,,,,,,,
ENSG00000065491,ENSG00000165424,ENSG00000165029,ENSG00000186814,ENSG00000134265,ENSG00000167637,,,,,,,,,,,,,,,,,,
ENSG00000156639,ENSG00000173269,ENSG00000157654,ENSG00000141425,ENSG00000175354,ENSG00000263002,,,,,,,,,,,,,,,,,,
ENSG00000172432,ENSG00000186188,ENSG00000136810,ENSG00000078043,ENSG00000101773,ENSG00000278318,,,,,,,,,,,,,,,,,,
ENSG00000137216,ENSG00000155254,ENSG00000056586,ENSG00000184828,ENSG00000141380,ENSG00000179846,,,,,,,,,,,,,,,,,,
ENSG00000146232,ENSG00000055950,ENSG00000169155,ENSG00000180011,ENSG00000265681,ENSG00000117877,,,,,,,,,,,,,,,,,,
ENSG00000198087,ENSG00000107819,ENSG00000095319,ENSG00000177732,ENSG00000074695,ENSG00000177051,,,,,,,,,,,,,,,,,,
ENSG00000080007,ENSG00000138175,ENSG00000148248,ENSG00000101280,ENSG00000133313,ENSG00000105281,,,,,,,,,,,,,,,,,,
ENSG00000164430,ENSG00000138172,ENSG00000181649,ENSG00000125901,ENSG00000088827,ENSG00000130751,,,,,,,,,,,,,,,,,,
ENSG00000135334,ENSG00000165832,ENSG00000148926,ENSG00000088836,ENSG00000125870,ENSG00000185453,,,,,,,,,,,,,,,,,,
ENSG00000146278,ENSG00000187164,ENSG00000133805,ENSG00000132622,ENSG00000125844,ENSG00000178150,,,,,,,,,,,,,,,,,,
ENSG00000135341,ENSG00000065970,ENSG00000110321,ENSG00000125843,ENSG00000088356,ENSG00000062822,,,,,,,,,,,,,,,,,,
ENSG00000112237,ENSG00000179715,ENSG00000129083,ENSG00000149474,ENSG00000131051,ENSG00000198093,,,,,,,,,,,,,,,,,,
ENSG00000056972,ENSG00000167528,ENSG00000129084,ENSG00000088970,ENSG00000124120,ENSG00000204611,,,,,,,,,,,,,,,,,,
ENSG00000277443,ENSG00000167566,ENSG00000188211,ENSG00000197183,ENSG00000124145,ENSG00000180089,,,,,,,,,,,,,,,,,,
ENSG00000111817,ENSG00000167588,ENSG00000166833,ENSG00000101079,ENSG00000101017,ENSG00000133247,,,,,,,,,,,,,,,,,,
ENSG00000188820,ENSG00000178449,ENSG00000176148,ENSG00000185513,ENSG00000160161,ENSG00000261221,,,,,,,,,,,,,,,,,,
ENSG00000153975,ENSG00000094914,ENSG00000176102,ENSG00000197296,ENSG00000105185,ENSG00000186230,,,,,,,,,,,,,,,,,,
ENSG00000111912,ENSG00000135390,ENSG00000187479,ENSG00000101190,ENSG00000166398,ENSG00000198131,,,,,,,,,,,,,,,,,,
ENSG00000146409,ENSG00000139531,ENSG00000109920,ENSG00000203880,ENSG00000086544,ENSG00000215012,,,,,,,,,,,,,,,,,,
ENSG00000118503,ENSG00000196465,ENSG00000134802,ENSG00000070404,ENSG00000073008,ENSG00000169635,,,,,,,,,,,,,,,,,,
ENSG00000112419,ENSG00000139613,ENSG00000110048,ENSG00000130377,ENSG00000130202,ENSG00000100150,,,,,,,,,,,,,,,,,,
ENSG00000135604,ENSG00000257727,ENSG00000166900,ENSG00000173928,ENSG00000105321,ENSG00000100124,,,,,,,,,,,,,,,,,,
ENSG00000055208,ENSG00000123384,ENSG00000162236,ENSG00000105613,ENSG00000105402,ENSG00000100246,,,,,,,,,,,,,,,,,,
ENSG00000186625,ENSG00000111554,ENSG00000110046,ENSG00000104915,ENSG00000142534,ENSG00000100335,,,,,,,,,,,,,,,,,,
ENSG00000146425,ENSG00000120798,ENSG00000175592,ENSG00000132016,ENSG00000138942,ENSG00000100294,,,,,,,,,,,,,,,,,,
ENSG00000164691,ENSG00000110880,ENSG00000175505,ENSG00000105072,ENSG00000100288,ENSG00000100304,,,,,,,,,,,,,,,,,,
ENSG00000112096,ENSG00000135093,ENSG00000110075,ENSG00000099330,ENSG00000185272,ENSG00000160209,,,,,,,,,,,,,,,,,,
ENSG00000146457,ENSG00000076248,ENSG00000165494,ENSG00000130475,ENSG00000155304,ENSG00000160298,,,,,,,,,,,,,,,,,,
ENSG00000106346,ENSG00000076555,ENSG00000166266,ENSG00000130511,ENSG00000155307,,,,,,,,,,,,,,,,,,,
ENSG00000106546,ENSG00000139437,ENSG00000149289,ENSG00000006015,,,,,,,,,,,,,,,,,,,,
ENSG00000105849,ENSG00000174989,ENSG00000150787,ENSG00000105662,,,,,,,,,,,,,,,,,,,,
ENSG00000136244,ENSG00000167272,ENSG00000182934,ENSG00000237440,,,,,,,,,,,,,,,,,,,,
ENSG00000164548,ENSG00000110917,ENSG00000134954,ENSG00000180884,,,,,,,,,,,,,,,,,,,,
ENSG00000255690,ENSG00000130921,ENSG00000067064,ENSG00000120784,,,,,,,,,,,,,,,,,,,,
ENSG00000170852,ENSG00000073060,ENSG00000067057,ENSG00000198182,,,,,,,,,,,,,,,,,,,,
ENSG00000122643,ENSG00000090612,ENSG00000136770,ENSG00000105738,,,,,,,,,,,,,,,,,,,,
ENSG00000122557,ENSG00000122034,ENSG00000099246,ENSG00000105204,,,,,,,,,,,,,,,,,,,,
ENSG00000122545,ENSG00000122033,ENSG00000095787,ENSG00000105429,,,,,,,,,,,,,,,,,,,,
ENSG00000106588,ENSG00000165572,ENSG00000170759,ENSG00000170604,,,,,,,,,,,,,,,,,,,,
ENSG00000146707,ENSG00000152207,ENSG00000095794,ENSG00000105486,,,,,,,,,,,,,,,,,,,,
ENSG00000135164,ENSG00000125247,ENSG00000072401,ENSG00000198464,,,,,,,,,,,,,,,,,,,,
ENSG00000205413,ENSG00000134905,ENSG00000042286,ENSG00000130844,,,,,,,,,,,,,,,,,,,,
ENSG00000177409,ENSG00000185271,ENSG00000214655,ENSG00000197016,,,,,,,,,,,,,,,,,,,,
ENSG00000198742,ENSG00000100823,ENSG00000156671,ENSG00000183597,,,,,,,,,,,,,,,,,,,,
ENSG00000169871,ENSG00000196943,ENSG00000148680,ENSG00000275004,,,,,,,,,,,,,,,,,,,,
ENSG00000008282,ENSG00000151413,ENSG00000107443,ENSG00000100068,,,,,,,,,,,,,,,,,,,,
ENSG00000105835,ENSG00000119638,ENSG00000077147,ENSG00000100324,,,,,,,,,,,,,,,,,,,,
ENSG00000253276,ENSG00000071246,ENSG00000213341,ENSG00000100354,,,,,,,,,,,,,,,,,,,,
ENSG00000105879,ENSG00000053254,ENSG00000065613,ENSG00000167074,,,,,,,,,,,,,,,,,,,,
ENSG00000198839,ENSG00000140025,ENSG00000148834,ENSG00000138964,,,,,,,,,,,,,,,,,,,,
ENSG00000006652,ENSG00000100605,ENSG00000138166,ENSG00000186951,,,,,,,,,,,,,,,,,,,,
ENSG00000105967,ENSG00000182512,ENSG00000197142,ENSG00000182858,,,,,,,,,,,,,,,,,,,,
ENSG00000135269,ENSG00000196405,ENSG00000165813,ENSG00000156253,,,,,,,,,,,,,,,,,,,,
ENSG00000146859,ENSG00000184990,ENSG00000151929,ENSG00000166979,,,,,,,,,,,,,,,,,,,,
ENSG00000155561,ENSG00000275835,ENSG00000119965,ENSG00000160180,,,,,,,,,,,,,,,,,,,,
ENSG00000105939,ENSG00000232653,ENSG00000139163,ENSG00000173638,,,,,,,,,,,,,,,,,,,,
ENSG00000055130,ENSG00000128928,ENSG00000151239,,,,,,,,,,,,,,,,,,,,,
ENSG00000106462,ENSG00000166133,ENSG00000167553,,,,,,,,,,,,,,,,,,,,,
ENSG00000179144,ENSG00000104129,ENSG00000110911,,,,,,,,,,,,,,,,,,,,,
ENSG00000009335,ENSG00000188277,ENSG00000110925,,,,,,,,,,,,,,,,,,,,,
ENSG00000105993,ENSG00000140263,ENSG00000183283,,,,,,,,,,,,,,,,,,,,,
ENSG00000005889,ENSG00000138613,ENSG00000196876,,,,,,,,,,,,,,,,,,,,,
ENSG00000120280,ENSG00000166938,ENSG00000135476,,,,,,,,,,,,,,,,,,,,,
ENSG00000165169,ENSG00000174446,ENSG00000186908,,,,,,,,,,,,,,,,,,,,,
ENSG00000198205,ENSG00000169371,ENSG00000133773,,,,,,,,,,,,,,,,,,,,,
ENSG00000165259,ENSG00000177971,ENSG00000165805,,,,,,,,,,,,,,,,,,,,,
ENSG00000204086,ENSG00000166716,ENSG00000139324,,,,,,,,,,,,,,,,,,,,,
ENSG00000126945,ENSG00000140526,ENSG00000049130,,,,,,,,,,,,,,,,,,,,,
ENSG00000134602,ENSG00000182511,ENSG00000139318,,,,,,,,,,,,,,,,,,,,,
ENSG00000123728,ENSG00000196547,ENSG00000257242,,,,,,,,,,,,,,,,,,,,,
ENSG00000104213,ENSG00000166965,ENSG00000177889,,,,,,,,,,,,,,,,,,,,,
ENSG00000179388,ENSG00000161980,ENSG00000028203,,,,,,,,,,,,,,,,,,,,,
ENSG00000167034,ENSG00000172366,ENSG00000059758,,,,,,,,,,,,,,,,,,,,,
ENSG00000221914,ENSG00000103260,ENSG00000136021,,,,,,,,,,,,,,,,,,,,,
ENSG00000131203,ENSG00000100726,ENSG00000139372,,,,,,,,,,,,,,,,,,,,,
ENSG00000083168,ENSG00000103024,ENSG00000198855,,,,,,,,,,,,,,,,,,,,,
ENSG00000137575,ENSG00000095906,ENSG00000111737,,,,,,,,,,,,,,,,,,,,,
ENSG00000104432,ENSG00000140990,ENSG00000022840,,,,,,,,,,,,,,,,,,,,,
ENSG00000164683,ENSG00000131653,ENSG00000130779,,,,,,,,,,,,,,,,,,,,,
ENSG00000205189,ENSG00000184207,ENSG00000132341,,,,,,,,,,,,,,,,,,,,,
ENSG00000104312,ENSG00000162062,ENSG00000121390,,,,,,,,,,,,,,,,,,,,,
ENSG00000104320,ENSG00000162065,ENSG00000150457,,,,,,,,,,,,,,,,,,,,,
ENSG00000175895,ENSG00000103145,ENSG00000139496,,,,,,,,,,,,,,,,,,,,,
ENSG00000104375,ENSG00000090447,ENSG00000152484,,,,,,,,,,,,,,,,,,,,,
ENSG00000164920,ENSG00000103423,ENSG00000102755,,,,,,,,,,,,,,,,,,,,,
ENSG00000034677,ENSG00000182108,ENSG00000133104,,,,,,,,,,,,,,,,,,,,,
ENSG00000164754,ENSG00000103319,ENSG00000133101,,,,,,,,,,,,,,,,,,,,,
ENSG00000182197,ENSG00000103365,ENSG00000120686,,,,,,,,,,,,,,,,,,,,,
ENSG00000136986,ENSG00000176476,ENSG00000102804,,,,,,,,,,,,,,,,,,,,,
ENSG00000107104,ENSG00000196502,ENSG00000133112,,,,,,,,,,,,,,,,,,,,,
ENSG00000096968,ENSG00000197471,ENSG00000136141,,,,,,,,,,,,,,,,,,,,,
ENSG00000120210,ENSG00000079616,ENSG00000204899,,,,,,,,,,,,,,,,,,,,,
ENSG00000120217,ENSG00000103495,ENSG00000169508,,,,,,,,,,,,,,,,,,,,,
ENSG00000171855,ENSG00000103502,ENSG00000151287,,,,,,,,,,,,,,,,,,,,,
ENSG00000120242,ENSG00000169592,ENSG00000174405,,,,,,,,,,,,,,,,,,,,,
ENSG00000107201,ENSG00000169955,ENSG00000092203,,,,,,,,,,,,,,,,,,,,,
ENSG00000086061,ENSG00000103510,ENSG00000100918,,,,,,,,,,,,,,,,,,,,,
ENSG00000086062,ENSG00000103490,ENSG00000129559,,,,,,,,,,,,,,,,,,,,,
ENSG00000086065,ENSG00000166188,ENSG00000100883,,,,,,,,,,,,,,,,,,,,,
ENSG00000165280,ENSG00000166548,ENSG00000151327,,,,,,,,,,,,,,,,,,,,,
ENSG00000107175,ENSG00000089505,ENSG00000100934,,,,,,,,,,,,,,,,,,,,,
ENSG00000130222,ENSG00000159720,ENSG00000073712,,,,,,,,,,,,,,,,,,,,,
ENSG00000131669,ENSG00000159761,ENSG00000197045,,,,,,,,,,,,,,,,,,,,,
ENSG00000196116,ENSG00000103056,ENSG00000168175,,,,,,,,,,,,,,,,,,,,,
ENSG00000136870,ENSG00000184939,ENSG00000072110,,,,,,,,,,,,,,,,,,,,,
ENSG00000136826,ENSG00000090861,ENSG00000100603,,,,,,,,,,,,,,,,,,,,,
ENSG00000165185,ENSG00000157353,ENSG00000090061,,,,,,,,,,,,,,,,,,,,,
ENSG00000157657,ENSG00000102967,ENSG00000100664,,,,,,,,,,,,,,,,,,,,,
ENSG00000041982,ENSG00000103111,ENSG00000075413,,,,,,,,,,,,,,,,,,,,,
ENSG00000056558,ENSG00000178573,ENSG00000183484,,,,,,,,,,,,,,,,,,,,,
ENSG00000136816,ENSG00000153786,ENSG00000104164,,,,,,,,,,,,,,,,,,,,,
ENSG00000127191,ENSG00000135709,ENSG00000104064,,,,,,,,,,,,,,,,,,,,,
ENSG00000185885,ENSG00000260456,ENSG00000069956,,,,,,,,,,,,,,,,,,,,,
ENSG00000185507,ENSG00000179588,ENSG00000140403,,,,,,,,,,,,,,,,,,,,,
ENSG00000184545,ENSG00000167513,ENSG00000140519,,,,,,,,,,,,,,,,,,,,,
ENSG00000132109,ENSG00000159842,ENSG00000068305,,,,,,,,,,,,,,,,,,,,,
ENSG00000132256,ENSG00000167716,ENSG00000131871,,,,,,,,,,,,,,,,,,,,,
ENSG00000184014,ENSG00000132383,ENSG00000103126,,,,,,,,,,,,,,,,,,,,,
ENSG00000166471,ENSG00000132382,ENSG00000187555,,,,,,,,,,,,,,,,,,,,,
ENSG00000110422,ENSG00000141456,ENSG00000103222,,,,,,,,,,,,,,,,,,,,,
ENSG00000166016,ENSG00000141480,ENSG00000157106,,,,,,,,,,,,,,,,,,,,,
ENSG00000110435,ENSG00000141505,ENSG00000099365,,,,,,,,,,,,,,,,,,,,,
ENSG00000175104,ENSG00000213859,ENSG00000181019,,,,,,,,,,,,,,,,,,,,,
ENSG00000149187,ENSG00000239697,ENSG00000140830,,,,,,,,,,,,,,,,,,,,,
ENSG00000149177,ENSG00000196544,ENSG00000103035,,,,,,,,,,,,,,,,,,,,,
ENSG00000214872,ENSG00000178921,ENSG00000166822,,,,,,,,,,,,,,,,,,,,,
ENSG00000156587,ENSG00000141040,ENSG00000166848,,,,,,,,,,,,,,,,,,,,,
ENSG00000167995,ENSG00000133030,ENSG00000140968,,,,,,,,,,,,,,,,,,,,,
ENSG00000110047,ENSG00000091542,ENSG00000103257,,,,,,,,,,,,,,,,,,,,,
ENSG00000168062,ENSG00000109103,ENSG00000167193,,,,,,,,,,,,,,,,,,,,,
ENSG00000149798,ENSG00000167543,ENSG00000074660,,,,,,,,,,,,,,,,,,,,,
ENSG00000173039,ENSG00000008838,ENSG00000129245,,,,,,,,,,,,,,,,,,,,,
ENSG00000054967,ENSG00000161594,ENSG00000132510,,,,,,,,,,,,,,,,,,,,,
ENSG00000166439,ENSG00000012048,ENSG00000167874,,,,,,,,,,,,,,,,,,,,,
ENSG00000048649,ENSG00000091947,ENSG00000166579,,,,,,,,,,,,,,,,,,,,,
ENSG00000033327,ENSG00000172992,ENSG00000034152,,,,,,,,,,,,,,,,,,,,,
ENSG00000073921,ENSG00000108468,ENSG00000076382,,,,,,,,,,,,,,,,,,,,,
ENSG00000110218,ENSG00000108819,ENSG00000010244,,,,,,,,,,,,,,,,,,,,,
ENSG00000196371,ENSG00000167107,ENSG00000108671,,,,,,,,,,,,,,,,,,,,,
ENSG00000184384,ENSG00000121057,ENSG00000276085,,,,,,,,,,,,,,,,,,,,,
ENSG00000023445,ENSG00000108389,ENSG00000273604,,,,,,,,,,,,,,,,,,,,,
ENSG00000110330,ENSG00000159640,ENSG00000275023,,,,,,,,,,,,,,,,,,,,,
ENSG00000196954,ENSG00000108604,ENSG00000273559,,,,,,,,,,,,,,,,,,,,,
ENSG00000150782,ENSG00000161513,ENSG00000171475,,,,,,,,,,,,,,,,,,,,,
ENSG00000076053,ENSG00000170190,ENSG00000173812,,,,,,,,,,,,,,,,,,,,,
ENSG00000160584,ENSG00000125447,ENSG00000108829,,,,,,,,,,,,,,,,,,,,,
ENSG00000110324,ENSG00000125457,ENSG00000008294,,,,,,,,,,,,,,,,,,,,,
ENSG00000019144,ENSG00000108469,ENSG00000108510,,,,,,,,,,,,,,,,,,,,,
ENSG00000110080,ENSG00000141569,ENSG00000108588,,,,,,,,,,,,,,,,,,,,,
ENSG00000107929,ENSG00000141524,ENSG00000178607,,,,,,,,,,,,,,,,,,,,,
ENSG00000067082,ENSG00000167895,ENSG00000120063,,,,,,,,,,,,,,,,,,,,,
ENSG00000108021,ENSG00000183077,ENSG00000197170,,,,,,,,,,,,,,,,,,,,,
ENSG00000134470,ENSG00000183048,ENSG00000161526,,,,,,,,,,,,,,,,,,,,,
ENSG00000170525,ENSG00000169683,ENSG00000167881,,,,,,,,,,,,,,,,,,,,,
ENSG00000165997,ENSG00000141560,ENSG00000129667,,,,,,,,,,,,,,,,,,,,,
ENSG00000107863,ENSG00000198081,ENSG00000184557,,,,,,,,,,,,,,,,,,,,,
ENSG00000136754,ENSG00000134440,ENSG00000182446,,,,,,,,,,,,,,,,,,,,,
ENSG00000136758,ENSG00000125895,ENSG00000185359,,,,,,,,,,,,,,,,,,,,,
ENSG00000120539,ENSG00000196209,ENSG00000197063,,,,,,,,,,,,,,,,,,,,,
ENSG00000107968,ENSG00000125817,ENSG00000176845,,,,,,,,,,,,,,,,,,,,,
ENSG00000120616,ENSG00000125772,ENSG00000101574,,,,,,,,,,,,,,,,,,,,,
ENSG00000198964,ENSG00000101474,ENSG00000154845,,,,,,,,,,,,,,,,,,,,,
ENSG00000150347,ENSG00000154930,ENSG00000101782,,,,,,,,,,,,,,,,,,,,,
ENSG00000148634,ENSG00000101417,ENSG00000141452,,,,,,,,,,,,,,,,,,,,,
ENSG00000122862,ENSG00000166619,ENSG00000053747,,,,,,,,,,,,,,,,,,,,,
ENSG00000166507,ENSG00000174306,ENSG00000141627,,,,,,,,,,,,,,,,,,,,,
ENSG00000107771,ENSG00000124177,ENSG00000091164,,,,,,,,,,,,,,,,,,,,,
ENSG00000062650,ENSG00000101473,ENSG00000172175,,,,,,,,,,,,,,,,,,,,,
ENSG00000152766,ENSG00000100982,ENSG00000171791,,,,,,,,,,,,,,,,,,,,,
ENSG00000026103,ENSG00000020256,ENSG00000197632,,,,,,,,,,,,,,,,,,,,,
ENSG00000119922,ENSG00000215440,ENSG00000166401,,,,,,,,,,,,,,,,,,,,,
ENSG00000119917,ENSG00000101191,ENSG00000101544,,,,,,,,,,,,,,,,,,,,,
ENSG00000185745,ENSG00000171700,ENSG00000271303,,,,,,,,,,,,,,,,,,,,,
ENSG00000152778,ENSG00000064666,ENSG00000125845,,,,,,,,,,,,,,,,,,,,,
ENSG00000180628,ENSG00000118046,ENSG00000101331,,,,,,,,,,,,,,,,,,,,,
ENSG00000165338,ENSG00000160953,ENSG00000101367,,,,,,,,,,,,,,,,,,,,,
ENSG00000107854,ENSG00000071564,ENSG00000197122,,,,,,,,,,,,,,,,,,,,,
ENSG00000198060,ENSG00000133275,ENSG00000198900,,,,,,,,,,,,,,,,,,,,,
ENSG00000196233,ENSG00000099800,ENSG00000132823,,,,,,,,,,,,,,,,,,,,,
ENSG00000155287,ENSG00000125910,ENSG00000130706,,,,,,,,,,,,,,,,,,,,,
ENSG00000077150,ENSG00000141905,ENSG00000101216,,,,,,,,,,,,,,,,,,,,,
ENSG00000108061,ENSG00000171236,ENSG00000104885,,,,,,,,,,,,,,,,,,,,,
ENSG00000151553,ENSG00000171105,ENSG00000127666,,,,,,,,,,,,,,,,,,,,,
ENSG00000107679,ENSG00000198816,ENSG00000125651,,,,,,,,,,,,,,,,,,,,,
ENSG00000078246,ENSG00000142459,ENSG00000125657,,,,,,,,,,,,,,,,,,,,,
ENSG00000111224,ENSG00000099785,ENSG00000125730,,,,,,,,,,,,,,,,,,,,,
ENSG00000111676,ENSG00000244165,ENSG00000125733,,,,,,,,,,,,,,,,,,,,,
ENSG00000110848,ENSG00000129353,ENSG00000198258,,,,,,,,,,,,,,,,,,,,,
ENSG00000121380,ENSG00000129351,ENSG00000079999,,,,,,,,,,,,,,,,,,,,,
ENSG00000213782,ENSG00000099203,ENSG00000160888,,,,,,,,,,,,,,,,,,,,,
ENSG00000133703,ENSG00000177599,ENSG00000123136,,,,,,,,,,,,,,,,,,,,,
ENSG00000087470,ENSG00000198429,ENSG00000132002,,,,,,,,,,,,,,,,,,,,,
ENSG00000139117,ENSG00000105612,ENSG00000105656,,,,,,,,,,,,,,,,,,,,,
ENSG00000079387,ENSG00000104903,ENSG00000167604,,,,,,,,,,,,,,,,,,,,,
ENSG00000139572,ENSG00000132024,ENSG00000099341,,,,,,,,,,,,,,,,,,,,,
ENSG00000110944,ENSG00000104998,ENSG00000104825,,,,,,,,,,,,,,,,,,,,,
ENSG00000170581,ENSG00000141858,ENSG00000182393,,,,,,,,,,,,,,,,,,,,,
ENSG00000076108,ENSG00000127220,ENSG00000013275,,,,,,,,,,,,,,,,,,,,,
ENSG00000166881,ENSG00000130312,ENSG00000011422,,,,,,,,,,,,,,,,,,,,,
ENSG00000135655,ENSG00000130304,ENSG00000087074,,,,,,,,,,,,,,,,,,,,,
ENSG00000183735,ENSG00000130309,ENSG00000108106,,,,,,,,,,,,,,,,,,,,,
ENSG00000127311,ENSG00000099308,ENSG00000070010,,,,,,,,,,,,,,,,,,,,,
ENSG00000111537,ENSG00000130520,ENSG00000099917,,,,,,,,,,,,,,,,,,,,,
ENSG00000127314,ENSG00000172687,ENSG00000185651,,,,,,,,,,,,,,,,,,,,,
ENSG00000173451,ENSG00000213967,ENSG00000128342,,,,,,,,,,,,,,,,,,,,,
ENSG00000058272,ENSG00000168661,ENSG00000100221,,,,,,,,,,,,,,,,,,,,,
ENSG00000070961,ENSG00000130244,ENSG00000100418,,,,,,,,,,,,,,,,,,,,,
ENSG00000133639,ENSG00000077348,ENSG00000198355,,,,,,,,,,,,,,,,,,,,,
ENSG00000151135,ENSG00000248098,ENSG00000156256,,,,,,,,,,,,,,,,,,,,,
ENSG00000135148,ENSG00000079435,ENSG00000156304,,,,,,,,,,,,,,,,,,,,,
ENSG00000111331,ENSG00000007255,,,,,,,,,,,,,,,,,,,,,,
ENSG00000111335,ENSG00000104884,,,,,,,,,,,,,,,,,,,,,,
ENSG00000123066,ENSG00000104983,,,,,,,,,,,,,,,,,,,,,,
ENSG00000111011,ENSG00000160007,,,,,,,,,,,,,,,,,,,,,,
ENSG00000182782,ENSG00000130748,,,,,,,,,,,,,,,,,,,,,,
ENSG00000255398,ENSG00000063176,,,,,,,,,,,,,,,,,,,,,,
ENSG00000176915,ENSG00000104872,,,,,,,,,,,,,,,,,,,,,,
ENSG00000151846,ENSG00000142552,,,,,,,,,,,,,,,,,,,,,,
ENSG00000122042,ENSG00000167747,,,,,,,,,,,,,,,,,,,,,,
ENSG00000132952,ENSG00000171443,,,,,,,,,,,,,,,,,,,,,,
ENSG00000139618,ENSG00000173581,,,,,,,,,,,,,,,,,,,,,,
ENSG00000139597,ENSG00000069998,,,,,,,,,,,,,,,,,,,,,,
ENSG00000133106,ENSG00000099889,,,,,,,,,,,,,,,,,,,,,,
ENSG00000136147,ENSG00000099904,,,,,,,,,,,,,,,,,,,,,,
ENSG00000102554,ENSG00000161179,,,,,,,,,,,,,,,,,,,,,,
ENSG00000102794,ENSG00000100023,,,,,,,,,,,,,,,,,,,,,,
ENSG00000139826,ENSG00000100014,,,,,,,,,,,,,,,,,,,,,,
ENSG00000129472,ENSG00000100285,,,,,,,,,,,,,,,,,,,,,,
ENSG00000213928,ENSG00000184117,,,,,,,,,,,,,,,,,,,,,,
ENSG00000196792,ENSG00000186575,,,,,,,,,,,,,,,,,,,,,,
ENSG00000198604,ENSG00000100319,,,,,,,,,,,,,,,,,,,,,,
ENSG00000100906,ENSG00000100348,,,,,,,,,,,,,,,,,,,,,,
ENSG00000179454,ENSG00000100360,,,,,,,,,,,,,,,,,,,,,,
ENSG00000185246,ENSG00000128309,,,,,,,,,,,,,,,,,,,,,,
ENSG00000100490,ENSG00000100395,,,,,,,,,,,,,,,,,,,,,,
ENSG00000151748,ENSG00000100413,,,,,,,,,,,,,,,,,,,,,,
ENSG00000131979,ENSG00000100271,,,,,,,,,,,,,,,,,,,,,,
ENSG00000126777,ENSG00000100347,,,,,,,,,,,,,,,,,,,,,,
ENSG00000070367,ENSG00000170638,,,,,,,,,,,,,,,,,,,,,,
ENSG00000100567,ENSG00000196576,,,,,,,,,,,,,,,,,,,,,,
ENSG00000100647,ENSG00000156239,,,,,,,,,,,,,,,,,,,,,,
ENSG00000100731,ENSG00000160194,,,,,,,,,,,,,,,,,,,,,,
ENSG00000197555,ENSG00000182871,,,,,,,,,,,,,,,,,,,,,,
ENSG00000080815,,,,,,,,,,,,,,,,,,,,,,,
ENSG00000119682,,,,,,,,,,,,,,,,,,,,,,,
ENSG00000100596,,,,,,,,,,,,,,,,,,,,,,,
ENSG00000185215,,,,,,,,,,,,,,,,,,,,,,,
ENSG00000114062,,,,,,,,,,,,,,,,,,,,,,,
ENSG00000172575,,,,,,,,,,,,,,,,,,,,,,,
ENSG00000229474,,,,,,,,,,,,,,,,,,,,,,,
ENSG00000185880,,,,,,,,,,,,,,,,,,,,,,,
ENSG00000166920,,,,,,,,,,,,,,,,,,,,,,,
ENSG00000138593,,,,,,,,,,,,,,,,,,,,,,,
ENSG00000166200,,,,,,,,,,,,,,,,,,,,,,,
ENSG00000140262,,,,,,,,,,,,,,,,,,,,,,,
ENSG00000103569,,,,,,,,,,,,,,,,,,,,,,,
ENSG00000166128,,,,,,,,,,,,,,,,,,,,,,,
ENSG00000174485,,,,,,,,,,,,,,,,,,,,,,,
ENSG00000140464,,,,,,,,,,,,,,,,,,,,,,,
ENSG00000185787,,,,,,,,,,,,,,,,,,,,,,,
ENSG00000156232,,,,,,,,,,,,,,,,,,,,,,,
ENSG00000170776,,,,,,,,,,,,,,,,,,,,,,,
ENSG00000172183,,,,,,,,,,,,,,,,,,,,,,,
ENSG00000140511,,,,,,,,,,,,,,,,,,,,,,,
ENSG00000140521,,,,,,,,,,,,,,,,,,,,,,,
ENSG00000184056,,,,,,,,,,,,,,,,,,,,,,,
ENSG00000010539,,,,,,,,,,,,,,,,,,,,,,,
ENSG00000103313,,,,,,,,,,,,,,,,,,,,,,,
ENSG00000005339,,,,,,,,,,,,,,,,,,,,,,,
ENSG00000166669,,,,,,,,,,,,,,,,,,,,,,,
ENSG00000185338,,,,,,,,,,,,,,,,,,,,,,,
ENSG00000205730,,,,,,,,,,,,,,,,,,,,,,,
ENSG00000188215,,,,,,,,,,,,,,,,,,,,,,,
ENSG00000122257,,,,,,,,,,,,,,,,,,,,,,,
ENSG00000197272,,,,,,,,,,,,,,,,,,,,,,,
ENSG00000140691,,,,,,,,,,,,,,,,,,,,,,,
ENSG00000185947,,,,,,,,,,,,,,,,,,,,,,,
ENSG00000155330,,,,,,,,,,,,,,,,,,,,,,,
ENSG00000102921,,,,,,,,,,,,,,,,,,,,,,,
ENSG00000121274,,,,,,,,,,,,,,,,,,,,,,,
ENSG00000140807,,,,,,,,,,,,,,,,,,,,,,,
ENSG00000125148,,,,,,,,,,,,,,,,,,,,,,,
ENSG00000087237,,,,,,,,,,,,,,,,,,,,,,,
ENSG00000140853,,,,,,,,,,,,,,,,,,,,,,,
ENSG00000159579,,,,,,,,,,,,,,,,,,,,,,,
ENSG00000102908,,,,,,,,,,,,,,,,,,,,,,,
ENSG00000166747,,,,,,,,,,,,,,,,,,,,,,,
ENSG00000182149,,,,,,,,,,,,,,,,,,,,,,,
ENSG00000154099,,,,,,,,,,,,,,,,,,,,,,,
ENSG00000103168,,,,,,,,,,,,,,,,,,,,,,,
ENSG00000132530,,,,,,,,,,,,,,,,,,,,,,,
ENSG00000125430,,,,,,,,,,,,,,,,,,,,,,,
ENSG00000109046,,,,,,,,,,,,,,,,,,,,,,,
ENSG00000108700,,,,,,,,,,,,,,,,,,,,,,,
ENSG00000166750,,,,,,,,,,,,,,,,,,,,,,,
ENSG00000271503,,,,,,,,,,,,,,,,,,,,,,,
ENSG00000276409,,,,,,,,,,,,,,,,,,,,,,,
ENSG00000275718,,,,,,,,,,,,,,,,,,,,,,,
ENSG00000277632,,,,,,,,,,,,,,,,,,,,,,,
ENSG00000275302,,,,,,,,,,,,,,,,,,,,,,,
ENSG00000276070,,,,,,,,,,,,,,,,,,,,,,,
ENSG00000108342,,,,,,,,,,,,,,,,,,,,,,,
ENSG00000141753,,,,,,,,,,,,,,,,,,,,,,,
ENSG00000126353,,,,,,,,,,,,,,,,,,,,,,,
ENSG00000173786,,,,,,,,,,,,,,,,,,,,,,,
ENSG00000108771,,,,,,,,,,,,,,,,,,,,,,,
ENSG00000184988,,,,,,,,,,,,,,,,,,,,,,,
ENSG00000121060,,,,,,,,,,,,,,,,,,,,,,,
ENSG00000136492,,,,,,,,,,,,,,,,,,,,,,,
ENSG00000108946,,,,,,,,,,,,,,,,,,,,,,,
ENSG00000132475,,,,,,,,,,,,,,,,,,,,,,,
ENSG00000101596,,,,,,,,,,,,,,,,,,,,,,,
ENSG00000206418,,,,,,,,,,,,,,,,,,,,,,,
ENSG00000101745,,,,,,,,,,,,,,,,,,,,,,,
ENSG00000134758,,,,,,,,,,,,,,,,,,,,,,,
ENSG00000134769,,,,,,,,,,,,,,,,,,,,,,,
ENSG00000152223,,,,,,,,,,,,,,,,,,,,,,,
ENSG00000152229,,,,,,,,,,,,,,,,,,,,,,,
ENSG00000152242,,,,,,,,,,,,,,,,,,,,,,,
ENSG00000141682,,,,,,,,,,,,,,,,,,,,,,,
ENSG00000081913,,,,,,,,,,,,,,,,,,,,,,,
ENSG00000101266,,,,,,,,,,,,,,,,,,,,,,,
ENSG00000125779,,,,,,,,,,,,,,,,,,,,,,,
ENSG00000101384,,,,,,,,,,,,,,,,,,,,,,,
ENSG00000126003,,,,,,,,,,,,,,,,,,,,,,,
ENSG00000101421,,,,,,,,,,,,,,,,,,,,,,,
ENSG00000078804,,,,,,,,,,,,,,,,,,,,,,,
ENSG00000101082,,,,,,,,,,,,,,,,,,,,,,,
ENSG00000132792,,,,,,,,,,,,,,,,,,,,,,,
ENSG00000124214,,,,,,,,,,,,,,,,,,,,,,,
ENSG00000124201,,,,,,,,,,,,,,,,,,,,,,,
ENSG00000158470,,,,,,,,,,,,,,,,,,,,,,,
ENSG00000124256,,,,,,,,,,,,,,,,,,,,,,,
ENSG00000130589,,,,,,,,,,,,,,,,,,,,,,,
ENSG00000198276,,,,,,,,,,,,,,,,,,,,,,,
ENSG00000105246,,,,,,,,,,,,,,,,,,,,,,,
ENSG00000125731,,,,,,,,,,,,,,,,,,,,,,,
ENSG00000196110,,,,,,,,,,,,,,,,,,,,,,,
ENSG00000130813,,,,,,,,,,,,,,,,,,,,,,,
ENSG00000090339,,,,,,,,,,,,,,,,,,,,,,,
ENSG00000171223,,,,,,,,,,,,,,,,,,,,,,,
ENSG00000141837,,,,,,,,,,,,,,,,,,,,,,,
ENSG00000132003,,,,,,,,,,,,,,,,,,,,,,,
ENSG00000196684,,,,,,,,,,,,,,,,,,,,,,,
ENSG00000089351,,,,,,,,,,,,,,,,,,,,,,,
ENSG00000105711,,,,,,,,,,,,,,,,,,,,,,,
ENSG00000128016,,,,,,,,,,,,,,,,,,,,,,,
ENSG00000104856,,,,,,,,,,,,,,,,,,,,,,,
ENSG00000105327,,,,,,,,,,,,,,,,,,,,,,,
ENSG00000105443,,,,,,,,,,,,,,,,,,,,,,,
ENSG00000105559,,,,,,,,,,,,,,,,,,,,,,,
ENSG00000169136,,,,,,,,,,,,,,,,,,,,,,,
ENSG00000183785,,,,,,,,,,,,,,,,,,,,,,,
ENSG00000184979,,,,,,,,,,,,,,,,,,,,,,,
ENSG00000169184,,,,,,,,,,,,,,,,,,,,,,,
ENSG00000180957,,,,,,,,,,,,,,,,,,,,,,,
ENSG00000159873,,,,,,,,,,,,,,,,,,,,,,,
ENSG00000100219,,,,,,,,,,,,,,,,,,,,,,,
ENSG00000183762,,,,,,,,,,,,,,,,,,,,,,,
ENSG00000182944,,,,,,,,,,,,,,,,,,,,,,,
ENSG00000099985,,,,,,,,,,,,,,,,,,,,,,,
ENSG00000100220,,,,,,,,,,,,,,,,,,,,,,,
ENSG00000100225,,,,,,,,,,,,,,,,,,,,,,,
ENSG00000221963,,,,,,,,,,,,,,,,,,,,,,,
ENSG00000100336,,,,,,,,,,,,,,,,,,,,,,,
ENSG00000128335,,,,,,,,,,,,,,,,,,,,,,,
ENSG00000100342,,,,,,,,,,,,,,,,,,,,,,,
ENSG00000100226,,,,,,,,,,,,,,,,,,,,,,,
ENSG00000128383,,,,,,,,,,,,,,,,,,,,,,,
ENSG00000205560,,,,,,,,,,,,,,,,,,,,,,,
ENSG00000154640,,,,,,,,,,,,,,,,,,,,,,,
ENSG00000154642,,,,,,,,,,,,,,,,,,,,,,,
ENSG00000159128,,,,,,,,,,,,,,,,,,,,,,,
ENSG00000159200,,,,,,,,,,,,,,,,,,,,,,,
ENSG00000159256,,,,,,,,,,,,,,,,,,,,,,,
ENSG00000183486,,,,,,,,,,,,,,,,,,,,,,,
ENSG00000157601,,,,,,,,,,,,,,,,,,,,,,,
ENSG00000183570,,,,,,,,,,,,,,,,,,,,,,,
ENSG00000160285,,,,,,,,,,,,,,,,,,,,,,,
